name,score,comment,date,city,score1
姨妈的鸭,5.0,春节期间最大的一场烟花是看你爸为你和地球点燃的宇宙爆炸太朋克了,2019-02-05,上海,力荐
Ou,2.0,不论从任何一种标准科幻片的华语片的华语科幻片的来看都不能称得上是部合格影片严重过度剪辑这种典型动作片剪法用在这部空间结构比较复杂的科幻片上简直是胡闹空间及动作表现极其不清轴线纷乱运送火石吴孟达死那一段有人能看清发生什么事情了吗经常错误地插入过紧的特写和过大的远景在运动方向不一致且无有效明暗对比的情况下完全无法锚定观众注意力全片仅有少量连续长镜头让人感觉空间清晰但跨越数十万的公里的建构着实费力每当镜头抽远人语一成不变地延续仿佛在看一部云淡风轻的青春片说到底这点视听手段完全无力处理刘慈欣的星系尺度超全知叙事,2019-02-05,,较差
Booige Boom,5.0,热评第一条我就呵呵了中国科幻电影为什么不值得我们打高分去鼓励非要放在国际水平线上才是客观的吗您真的有那么客观吗我看七武士漫游太空的时候我要不顾及他是那个时代的电影我会给那么高的评价吗同样都是时间轴上的事情我觉得国产这种东西给高一点评价真的没问题真的需要鼓励才能继续发展我国多少题材和类型的电影就是被您这种想法所阻碍和难以发展的向您这样的评论中国科幻电影真的是寸步难行了中国电影也会受之影响真的希望大家能明白结合我国电影发展的历史来评价国产电影,2019-02-06,,力荐
[已注销],1.0,一分画面分在一个烧石头都能做热核聚变的高科技时代会搞不清楚发动机的工作条件导致集体熄火拉全人类去死这是侮辱全人类工程技术人员和科学家的智商被否定的方案能够实现说明以前的预演就是放屁如何把方案做得完美压根就不合格可靠性可行性是怎么验证的此路不通也就没有别的补充方案了科幻并不缺乏大场面的制作虽然早已审美疲劳了最大问题是脑残的剧情它和你讲情怀和想象我只能摇摇头战狼京出现的违和感让我有点想起当年芮成钢的名言我代表亚洲除了画面科幻就一意淫片还有并不是讲国内出了个能看的科幻片就必须鼓励大于批评给个五分,2019-02-05,广州市,很差
苏妄言,1.0,这回还真不是吴京的锅而是整个团队的锅前半段尴尬后半段强行撩导演这剪辑和节奏掌握的都赶上各种笔仙碟仙了本以为特效会有亮眼的地方但整个效果并不让人满意与其说这电影是科幻电影不如说是部人伦片催泪部分说是为了让科幻片看着不生硬哎哟我去这一催更尴尬了演技担当也就达叔了所以一星我真的给得尽力了,2019-02-05,北京,很差
phoebe,4.0,宏大又动人为原著赋予了细腻的想象整体气质比美式末日片都多了一份安静和真实也有萦绕不去的悲伤最戳心的当然还是流浪地球选择带着地球寻找新的星系而不是开辟新的居住地等冰有天化为水子孙依然能看到北京上海贝加尔湖这点可真是太乡愁了看完念念不忘的并不是角色而是电影带来的挥之不去的孤独感望着头顶的太阳真是又温暖又寒冷,2019-01-20,成都市,推荐
Yu,4.0,剧情梗概太阳滚地球好的木星滚地球好的,2019-02-05,杭州市,推荐
巽,5.0,星多一星鼓励华语电影工业飞跃的节点技术剧本精神内核各方面都是全球尺度下顶级同行们的优秀学生水准可贵之处就在于作为先行者和新生代能分辨什么是好的应当学习的并用十二分的力气把它们执行出来比起科幻我更看重和感动是它作为电影本身的意义终于让我对华语电影有了一丝总是往好里去的希望执拗赤诚勇敢高贵是的甚至称得上高贵负载着沉重的文化烙印但依然元气淋漓令人击节的少年像那颗燃烧自己驱动前行的淡蓝色小球向着茫茫宇宙星辰大海出发,2019-01-22,长沙市,力荐
木卫二,2.0,木星都被你们地球人点燃了还要我说什么流浪地球挺硬但序幕往后越来越糙人物情感和煽情模式太套路中国能拍科幻片中国是主场景也不违和可强调中国心以过年回家之类的观念灌输实在吃不消举例其中几场戏上海电梯救援和初中生演讲感动全世界完全不知道在拍啥实实在在瓦解掉了开头上地出城的高大上感反复的亲人泪两行当然可以但一直用就有点无解更像反复要在现实中国和银幕科幻的联系上耍聪明这一切也可以被注释为第一次见到中国城市被毁灭云云一直来这套实在对不上地球死了几十亿人的悲剧感和极度寒冷说来说去也只是一堆数字记住电影评价也得有洛希极限,2019-02-09,北京,较差
乙小囧,5.0,这片要是美国拍的可以给分中国拍的我给分你能想象在波士顿的电影院里坐满人看完集体鼓掌的画面吗燃巨燃全程无尿点特效满分剧情瑕不掩瑜豆瓣为什么不能打星,2019-02-06,桂林市,力荐
SingLesinger,5.0,剧本的节奏处理的极其工整灵魂黑夜到第三幕的高潮迭起层层堆叠特效部分也很扎实美术在好莱坞科幻美学上有很多本土的尝试最后的太空战狼时刻也并不违和春节元素也比红海更扣档期主题希望中国科幻电影好起来,2019-01-20,上海,力荐
非常不小心,1.0,我这里有一个快速的观影指南这部电影好不好可以类比一个事情比如说华为手机好不好华为手机市占率已经有公论理性地说华为手机很好但不足以让我给华为的行为打五星所以这部电影就像另外一种华为的翻版是建立在全球化合作基础上创造的中国制造在某种底层价值观上这部电影应该体现一种向全球化致敬的底色而非电影里面数不清的回家相反在这部电影里面中国人只是表面上和全世界通力合作但实际上只是和俄国人搞起了团团伙伙电影唯一可取的地方是具象化了星辰大海只能期望更多的中国人在看过这部电影之后开始有一种真正的胸怀宇宙观有一种真正地意愿参与全球价值观建设而非所谓的一不干涉三不输出表面上顶呱呱背地里打哈哈所以从我个人价值观的角度我仍然只能给一星,2019-02-09,广州市,很差
懒懒,1.0,就真的三分不能再多了我很失望电影改编得面目全非刘慈欣最精彩的是他的科幻的形吗是吧但除了他恢弘的宇宙想象外更精彩的是对人性的洞悉和对社会形态的观察力这些电影全都自我阉割根本没打算要拍即使自我降维打算拍成美式爆米花电影却又连故事都讲不好硬挤尴尬地笑点和煽情人物全都莫名其妙的缺发动机书中有侧面描写过为什么最终计划倾向于地球派而不是飞船派电影连这一茬都不打算提难道没看过原著的人不会困惑为什么要拖着个大地球满宇宙跑而不是靠飞船高效移居吗连爆米花电影的水准都做不到为刘慈欣不值可别再想着拍三体了吧微笑最后居然还改成吴战狼的个人英雄主义吐了真的,2019-02-05,,很差
frozenmoon,3.0,从特效和技术上讲这应该是迄今为止此类中国电影的巅峰了磅礴恢宏细节营造用心故事层面比较糟糕很好奇到底出于什么原因造成几乎超过的台词都是后配的而且对不上口型明显是片子成型后彻底改词重配的这严重影响故事质量作为类型片很多讲述方式有明显问题比如人物特征不鲜明交代不清楚刘启变成刘户口这种启字的拆解为什么不交代李一一变成李长条留给谁去猜很多地方增加众多根本无意义的插科打诨自以为幽默但毫无笑点非常尴尬这个全球化的项目中中俄合作稍稍出现一句法语两句日语美国只闪现一次国旗美国的缺席出于什么原因好奇科幻特效技术有了巨大进步但技术这只是科幻电影的一部分,2019-02-05,北京,还行
汪金卫,3.0,咔嚓一下震天响来了战狼当球长带领人类救地球一场大火没咋地能有部特效还看得过去的硬科幻国产片是值得鼓励的虽步履蹒跚但至少起步了身为大刘十几年的读者观影前又读了遍原著文字的力量依旧让我感动大刘不像很多中国科幻作家那样有强烈的中国中心观而是站在全人类高度但电影只是借用了小说设定剧情已改编得面目全非注入了原著不曾有丝毫的民族主义催化剂映后吴京灵魂提问月球背面的车是哪个国家造的全场高呼中国观众激动表达高涨的爱国情绪与自豪感让我惊愕不已电影在台词节奏方面问题不少吴京的角色设定似曾相识他在太空翻滚对接高潮戏的配乐也很耳熟仿佛穿越到五年前三刷星际穿越的那天忍不住喊出那句经典台词,2019-01-29,北京,还行
孟三哥,3.0,只能说前期宣传太强势导致期望过高男一女一演技拖后腿而且想说本人非常相当不喜欢绑架型宣传的电影什么中国电影站起来了呀之类的把期望宣传立意搞那么大看了只会觉得有落差不过吴京文戏表现意外不错可惜被男主和妹妹一人拉低一星,2019-02-05,,还行
春导师,1.0,女的在里面不是添麻烦就是不懂事价值观反人类反文明反自然文化艺术宗教一点没出现计划经济的缩影矿工区的活着贾樟柯好多了相对比评流浪地球,2019-02-06,,很差
王小叶儿,5.0,就在我已经彻底被国内影视技术限制了想象力不相信中国能有真正意义的科幻电影时流浪地球便对着我的心脏狠狠扎了一针强心剂走出电影院都还恍若隔世中国真的也有这样的电影了吗真的不是在做梦吗相信这是一部定会写进中国影史中国科幻影史中国太空电影史中国影视工业进程史的一部科幻杰作庆幸能成为见证者此刻我手中的那张电影票不再是一张观影入场券更像是一次亲历奇迹的勋章,2019-01-20,深圳市,力荐
二十二岛主,4.0,观影过程中的情绪很复杂一方面感叹特效的用心和部分设定的精妙另一方面又很讨厌导演极尽谄媚的逢迎和所谓的接地气这可能是导演想要努力区别于国外科幻片的地方但不是说加入像海草舞穿秋裤这样的魔幻中国元素就能展现出中国特有的科幻感的一切还是要回归到人性纽带上在这一点上影片中的几条亲情线就至关重要其中最打动人的还真是吴孟达饰演的爷爷姥爷这条线以及隐线叙事的父女情和夫妻情吴京才是影片的第一男主角从头演到尾而且大多数时间都是独角戏难度很大变成特别出演可能也是情非得已多加一星鼓励作为第一步确实已经不错了,2019-02-05,北京,推荐
喂饭,1.0,犬儒鸡贼到让我愤怒所以这次评价决定不再犬儒直接一星觉得科幻的核心永远不是设定技术它首先是遵循电影调度逻辑的电影然后是责任感是设问和思考是终极体验技术只有契合在这两者身上才最有价值最有电影价值乃至科幻价值其余的都多少是扯蛋和自我标榜,2019-02-06,上海,很差
刘小黛,3.0,剧作短板特效完美演员优秀逻辑还是完全经不起推销地球离太阳最后的距离还不得冻成一个冰球一个女孩的中学获奖感言感动全人类几个毛孩拯救地球中国宇航员牺牲自我其他国家的都是休眠待毙其实主题和战狼一模一样原小说就是个体量不充沛的概念框架改编影像困难当然对整体工业水准有推进什么时候能消除国别差异关注个体展露基本人性原生态再搭配科幻质感并且还能上映,2019-02-05,,还行
玑衡,2.0,的确拍成了大片还不错然而三观严重不正传统的家庭关系以骂和顶撞为主庸俗的台词柔弱无用的女主强调牺牲的集体主义精神,2019-02-11,北京,较差
極北丶,1.0,这分数我又叛逆了本应三分是全给特效的内核剧情看得我彷佛吃下大年初一第一口科技进步成这样了为什么每个人还作得让我恨不得打爆他们的头,2019-02-05,长沙市,很差
妖灵妖,4.0,想象力和视觉构建上有很多了不起的地方可惜剧作上的急促让人物严重扁平化了,2019-02-06,西安市,推荐
基闹,2.0,开年第一部灾难大片灾难级的表演灾难级的文本灾难级的剪辑灾难级的摄影原著小而精的结构到了电影里变成了赶流程一样的儿戏通篇的廉价煽情和自我感动最后小女孩全球广播作文朗诵我甚至听到我爸重重的啧了一声至于技术值得鼓励和好是截然不同的两件事情,2019-02-05,无锡市,较差
江寒园,3.0,煽情尴尬与生硬并存主要是太空漫游致敬杀人太空戏和罗兰艾默里奇灾难类型的杂糅如后天里宏观视角和家庭线小视角的结合但处理太生硬尤其地面这条线一开始就给这么多镜头叙事实在是缺乏矛盾内驱力剪辑问题不少吴孟达坠落那里有谁看清了吗还有俩兄妹坠落之后就直接出现在球里了事件线剪辑混乱缺乏逻辑前后关联台词欠打磨表演也尴尬尤其刘启的生硬对冲尬硬尬硬的直逼李易峰在老炮儿里的演技儿子表演全靠吼大刘的想象力设定一流很多人的赞美也都是冲着这个去的但是恕我直言这个导演没跟上电影其他部分从剧作到配乐表演剪辑都不及格现在显然鼓励太多上一次还是大圣归来从国产动漫到科幻都是批评不得客观就打了三星都有人来骂,2019-02-05,,还行
文森特九六,2.0,倒也不是说有啥特大特显眼的问题主要还是太没趣太无聊太简单太狭小了另外再多句嘴以好莱坞式的工业制作与美学取向标准完成的这部开启所谓中国科幻元年之定义的作品真的就值得我们自信和骄傲吗,2019-02-06,,较差
小A,4.0,气势恢宏后半段很震撼刘慈欣原著没有完整的故事而是碎片化场景的集合电影版以原著设定为基础原创了一个故事有致敬地心引力星际穿越和多部经典动作片灾难片的内容和降临一样在科幻故事架构中表达人文关怀不再以展现人类科技伟大成就或浩瀚宇宙壮丽神秘作为故事唯一主题而是以此为基础回归人性探索架空设定下人类最纯粹的情感,2019-01-28,北京,推荐
哪吒男,3.0,父亲们一定会喜欢的电影为人父亲的人生理想被表现得彻彻底底说什么都是对的不带孩子还能天天教训孩子临死前也能教育孩子后半段煽情点太多了都麻木了,2019-02-08,深圳市,还行
Xaviera,3.0,特效确实值得赞也确实是翻开了国产科幻片的新篇章毕竟看了会有其实我们也能做到的骄傲但对于科幻元年持保留意见剧本仍然是硬伤大部分人物没有立得起来人物行为动机和转折几乎没有逻辑背景驱动可言煽情位置都非常明显所以很尴尬而且从人物设定就知道人物的作用甚至生死就算导演特意淡化个人英雄主义却仍然很多金手指到后半部分出舱后剧情开始崩盘加上你根本猜都不用猜就能知道的结局所以毫无紧张感更别说共情了赞同评论那句硬要科幻和硬科幻是两回事但国产科幻片以此为开端以后的发展是可以期待的,2019-01-29,广州市,还行
谢谢你们的鱼,4.0,分钟重新定义了中国科幻主创团队站在好莱坞的肩膀上完成了一个中国电影人从未完成的壮举你可以在影片中看到星际穿越全球风暴后天世界末日等一系列好莱坞顶级大片的影子但是观看的时候你依然会非常明确地认定这是一部国产科幻大片应该具有的样子没有山寨感没有违和感编剧对于大刘故事的全新演绎面面俱到小到人物情感大到人类存亡都被演绎得让人信服高潮部分更是贡献了极强的情感穿透力燃度也是惊人说实话流浪地球作为国产科幻元年作品起点真的太高了心疼后面那些跃跃欲试的跟风者小粉红请不要赞这条我不是你们盲目爱国的盟友,2019-01-28,北京,推荐
桃桃淘电影,3.0,分当时看的时候最大的感受就是影片终于用一种好莱坞灾难片的模式来处理这部电影这使得最后的救援与牺牲都有热血感虽然从情节的细节人设台词等很多方面还是有太多的遗憾但是它还是一个方向吧这种大片还是要尊重一些类型片基本情节规律的另外真正触到我的还是那个年的漫长旅行一场所有人都看不到结局的冒险特别绝望与悲观恰好也是我对宇宙的看法,2019-02-07,,还行
Plauto,2.0,暂未看原著此评分仅针对电影呈现拍摄制作评分绝大部分给画面特效情节全靠台词和配音推动刚才地震了刚才二次地震了杭州沦陷了我们到印尼了木星引力加大了我们成功了插科打诨特别尴尬一些人物个性莫名其妙如呕吐的那段煽情极多好不容易情节走入正轨热血沸腾时就死个人再嚎两下此处放大回音混响音效节奏感贼差价值观混乱一会要救地球为了大义一会要救家人为了团聚一会独自行动违背规则一会扬我国威道德绑架前段一直嚷着要回家又不让地球末日团聚最后再为了拯救一部分人牺牲所有人类遗产反正我们爷俩想咋样整个宇宙就得怎么来这不是典型的巨婴心理么强行反思的人工智能桥段也无疾而终再申原著内容暂不知晓抱歉白眼翻到烂,2019-02-05,武汉市,较差
shininglove,3.0,美国被隐去俄罗斯陨落日本韩国东南亚逃避无作为依靠吴京的父权杠杆子嗣撬动宇宙,2019-02-10,北京,还行
Seki怎么又瘦了,3.0,看着挺无语的对不起各位对不起大刘但我实在没法接受莫名其妙的煽情和我逻辑里没法解释的小屁孩通过常识得到的奇迹比全球顶尖牛逼的科学家和超智能人工智能更牛逼的爱国主义奇迹精神对不起,2019-02-07,,还行
寒枝雀静,2.0,假如元年如百度百科所说意为某个事物或事件开始发生的时间的话那么这部影片在人物塑造情节推进主旨串连演员表演配乐调用等基础的叙事或是论证能力与视听技巧方面都是配得上这一称号的而视觉效果则比元年要成熟不少一个初生不久的孩子不会说话走路眼中却有着扁平驳杂而充满新鲜感的世界只不过世界到底意味着什么死亡意味着什么对它而言还是如此轻薄模糊然而这些实质性的成长镇痛才是在鼓励之外必须要磨炼的内容,2019-02-06,上海,较差
德川咪咪,5.0,虽然和原著几乎完全不同但绝不亚于高二看小说时的脑补放映厅里都是独自来看这部片子的单身宅男最后半小时一整排人都在爆哭它绝不仅仅限于中国人竟然能拍出这种水平的科幻电影这是在好莱坞的标准下也绝不逊色的闪闪发光的能被所有人长久传扬铭记的一部作品怎么说呢科幻迷们这一生不就是为了等到这样的作品吗大笑感动爆哭忘却自我满脑子都是破音前进三,2019-02-05,上海,力荐
张天翼,2.0,拿科幻的壳子包装一个汶川地震九八洪水大救援的旧故事这不叫科幻科幻的真正意义不在于此何况这么多的硬伤已经严重影响观影浸入感了更何况从人物刻画到台词设计到演员调教都是崩塌的状态唯一一个在他的戏份里能入戏的是客串的雷佳音说到鼓励一下如此惊人的票房已是很好的鼓励中国科幻想进步需要的不是鼓励一下,2019-02-19,北京,较差
邢早早,1.0,刘启韩朵朵泰山崩于前而色不变猝然临之而不惊地球是你们的我不配留在这里我先死为敬去做天上星星了,2019-02-11,北京,很差
巴伐利亞酒神,4.0,优点和缺点都十分突出的电影先说优点算得上中国科幻电影的里程碑之作尤其视觉效果非常出色红色防护服和大型载货卡车的设计极其出彩完全击中了我的审美如果出周边玩具的话一定购买再说缺点场面足够宏大了但有些空个别台词太尬个别演技掉线个别煽情过头而大刘原著里的那种悲悯没有表现出来简言之流浪地球是一出无法回头的壮烈一种不抱希望的绝望苦涩的成分原本应该大于燃烧的,2019-01-28,上海,推荐
九只苍蝇撞墙,,战天斗地会是历史留给中国人的唯一思想遗产么,2019-02-05,,--
冰山的阴影,1.0,年的中学课堂与社会结构还停留在年机械设计还停留在维多利亚的蒸汽齿轮阶段请全世界自以为是的熊孩子都进监狱心疼休眠中的其余精英宇航员莫名其妙就成了一意孤行的陪葬种语言大力出中国奇迹让人类永远保持理智确实是一件奢侈的事,2019-02-06,福州市,很差
iriselite,4.0,作为业余偶尔写科幻小说的我实在没有写如此庞大体系的能力顶多写软科幻真是出乎意料的我国本土科幻大片背景体系庞大十足的硬科幻视觉效果震撼作为文科生可能对这方面的理论比较难理解不过本片除了科学理论还有浓浓的亲情催泪啊看完散场以后要好好的呼吸空气仰望蓝色天空星空感受地球的美好,2019-01-28,上海,推荐
Ms_underwater,2.0,这台词这人物设定看得我直翻白眼尴尬症都要犯了简直浪费大制作,2019-02-06,上海,较差
Morning,3.0,是灾难片但并不科幻在科技这个类型上的叙事是节节败退的因此我更宽容了一点星际穿越地下城的景置景感太重和动物世界的轮船没差我觉得是观念和精细度的问题外部世界我则想起了天咒实在是不算太好的联想电影的煽动能力还是很强的毕竟把希望和恐惧都讲到了一个死生的极致但个人角色就写得比较糟糕情节时常依托于一个人任性的决定无视法律法纪等等这让我觉得现代文明和科技发展后可能已经克服了的东西写人性仍旧写不出恢弘的灵性格局科技和灵性是同步发展的亚特兰蒂斯文明就是佐证我喜欢男主角的任务反转的线当他离开队伍找到车再次踏上征途时又和李光洁又一个互相的交接动作确实是很扎实的一笔但前面的我只能说他们一家人很拖累同伴,2019-02-05,北京,还行
谢飞导演,5.0,到五棵松耀莱影城的杜比厅大银幕上看了这部开创中国硬科幻电影元年的娱乐佳作不错几年前就看过刘慈欣的大作三体深知把他的科幻世界搬上银幕的巨大难度年轻的导演郭帆和王红卫剧本策划带领的编剧团队干得漂亮值得观众用亿以上的票房来支持它鼓励它好的文化艺术片不容易拍好的通俗娱乐电影同样需要不凡的艺术才华技巧和能力加上巨额的资金投入高科技视听制作难度更大春节假期中在柏林电影节上斩获奖项和好评的地久天长恐龙蛋一秒钟等文艺片和在国内市场上获得票房冠亚军的本片及疯狂的外星人等娱乐类型片的主创许多都是电影学院的各专业毕业生祝贺他们的成功母校因他们而骄傲以前给战狼我打过五颗星这次也一样,2019-02-19,北京,力荐
Ada Wang,3.0,还行因为国产科幻有了开始就是进步事实上国人在历史剧长期的沁润下完全未来建立一套独立的科幻思维和科幻文化一开始以为国产的是星际穿越看了一半是天地大冲撞看到最后发现是木星上行电影前半段的故事非常的紧凑和扎实剧情层层展开穿插的回忆也相当的不错到最后反转出现了意料之中的部分坍塌强大的主角光环和只有小孩拍脑袋的想法逃离引力的反转生硬而且难以说服观众人类对于宇宙天体的运动是渺小的人类要撼动天体运动轨迹相当于蚂蚁要把一个大象举起的难度即使有科学帮助也是杯水车薪点名批评几处电影细节都有了地球发动机地下城基因遗传这些前卫的科技教室的质感简直是世纪初的环境连我们当代标配的多媒体设备都没有不要认为每一处细节是可以忽略和忘记的好莱坞优秀佳作就是靠这些细节取胜的,2019-02-07,深圳市,还行
内陆飞鱼,4.0,拍一部国产硬科幻很不容易既要在视觉效果上过硬营造俯瞰式浸入式的宇宙奇观饕餮早已被好莱坞喂饱了的影迷又要在世界观宇宙观上符合国情为中国人找到一席之位流浪地球显然是过硬的两方面都达标了特效营造的末日奇观令人叹服中国式的拯救观念有四海之内皆兄弟的大局观又兼顾了小家庭的温暖幸福希望这是一个良好的开端会激发国产科幻片的创作热情带出更多优质佳作,2019-02-07,,推荐
Mr. Infamous,2.0,很认同且期待中国早该出一部硬核的科幻大片有大刘的基础也有郭帆的实力当然希望流浪地球不仅是一部有着震撼工业视效的电影而且是一部无论在角色塑造故事内核还是情感共鸣上都属上乘的作品可惜说好要做彼此的天使等台词以及隋凯等角色不合时宜的低廉笑料包括抖音等广告的植入展现了太多妥协与媚俗明明该记得许多壮阔的天文奇景与末日气象可脑中最挥之不去的竟然是广播腔的亲人两行泪再加上一些表演的不足情感的干涩还是失望的可对郭帆和中国科幻片仍会寄予希望期盼国产科幻片的扛鼎之作就在不远处,2019-01-12,北京,较差
琦殿,4.0,刘启韩朵朵地球给你俩了毁灭吧赶紧的累了,2019-02-07,深圳市,推荐
汽车大师,2.0,特效上的确不算尴尬了可动作戏的执行每场都尴尬我反正是看不懂前因后果实际都在演些什么趁着卡梅隆客套夸赞几句的机会赶紧去拜个师吧,2019-02-07,上海,较差
沈入忘🌟,5.0,在巨大的人类灾难面前一切都不复重要但人类面对绝望时徒劳的甚至是愚蠢的爱希望勇气才更加熠熠生光宇宙没有意义人类却能赋予自身意义让人类保持理智可太难了所以我打五星也挺不理智的电影有很多问题但是我是真的非常喜欢世界观的设定太棒了让我看到了很多的可能性,2019-02-07,上海,力荐
何小沁,4.0,流浪地球中国第一部真硬科幻电影确实硬起来了将中国式亲情关系故土情怀投射到宏大的末日构想中比原著又升华一层敬畏而感动电影剧本特效都很扎实最后分钟特别燃年龙标号作品也是中国科幻大片迈出的第一步郭帆这一代类型片起家的后导演学习能力都很强不断为市场带来新的惊喜加油,2019-01-20,北京,推荐
獨孤島主,4.0,在悲情城市的中学教育居然还是这样的,2019-02-06,上海,推荐
彭萦,3.0,星际穿越我给了五星地心引力火星救援我给了四星按这个标准只能给三星,2019-02-05,北京,还行
芥爲之舟,3.0,那刘户口真不是曹云金啊,2019-02-07,,还行
黄青蕉,4.0,可以的完整宏大节奏泪点都做到了这种踏实在风靡着胡乱吹逼和高冷鄙视链的科幻电影界真的难得要不是粉丝那么讨厌我都可以打鼓励性五星了当然有一说一短板也是很明显比如你把背景换到俄罗斯试试没了祖国滤镜整个故事就还是上世纪土锤灾难片但是谁让我们连土锤灾难片都没拍好过呢慢慢来吧保持这个态度总有一天会好的,2019-02-14,北京,推荐
张老实,3.0,只能说入门了但没新意能看出多经典电影的影子而这类片子就怕没新意影院里没有战狼起立鼓掌也说明了片子一般,2019-02-08,上海,还行
皮革业,3.0,在符合国情许可的幻想大前提下渲染家园家国乃至家球情怀之外难得地讲了一个少年救世界的未来故事也算是一种有中国特色的中二,2019-01-29,北京,还行
恶魔奶爸Sam,5.0,除了小女孩广播那里无败笔广播那个部分台词写的一般小演员的功底也很成问题,2019-02-10,广州市,力荐
寻～,1.0,想看科幻的可以散了想看父子冰释前嫌的赶紧去吧,2019-02-05,北京,很差
同志亦凡人中文站,4.0,拖着地球逃难的设定有种在看太空版战狼的感觉但无论气质还是内核都够硬硬气硬核的国产科幻片预算有限但特效很真纪律服从牺牲精神外国人可能又要说华语片自我高潮了但谁说价值观只能是好莱坞那种最大亮点没人谈恋爱因为谈了也没球用,2019-02-07,,推荐
小姬,5.0,在西安看完零点场上座率好得惊人观众素质极高我隔壁的哥们不认识在电影结束的那一刻对着郭帆的名字大叫一声牛逼第三次看了还是看哭了我看到了一个未来那就是流浪地球会成为星战那样延续几十年的经典系列几十年后我会在电影院看到地球抵达半人马座阿尔法星也就是三体星系冰融化成水人类的孩子在贝加尔湖畔钓鱼而我们这一代人垂垂老矣在影院里默默流泪更多的年轻人因此爱上科幻,2019-01-20,北京,力荐
萨库拉,3.0,技术有没有赶上好莱坞不是太关心剧本和意识的差距还是相当地肉眼可见人物逻辑关键戏的台词都好想重写一遍但战狼式的精神内核真的扳不回来关上门也许可以自我鼓励一下要走出门的话大家都继续努力吧,2019-02-08,,还行
陈楸帆,5.0,和大刘一起看的内部亲友场感动中国科幻电影的元年终于他妈的来了,2019-01-20,北京,力荐
圆首的秘书,3.0,主要也就剩下编剧了视听水平等同网大制作层面还是有一股比较浓烈的廉价质感从美术到灯光到音效都不太合格尤其是木星冲击波达到的时候以为会是惊天大冲撞至少宏观上是这样的结果所有东西掉在地上软趴趴的毫无撞击感轻柔得让人出戏当然你可以说是钱的问题但这是一个万金油理由钱不够也有钱不够的拍法如果说这样的作品是一座里程碑那实在是一座有点简陋的里程碑见证历史的我只能感到没有满足的失落和遗憾,2019-02-06,北京,还行
老五,2.0,嘿嘿霍金牛顿老爷子在世看到吴京哥哥的流浪地球会气死,2019-02-05,上海,较差
维舟,3.0,对国产科幻片而言算得难能可贵了原著胜在宏大设想电影胜在视觉特效也改编得更好莱坞化人物形象对话和细节有待加强虽是想像未来但底色还是工业浪漫主义许多场面说实话让我想到的是工矿和铁人精神英雄气概则源自军人市井痞气和中国人对活下去的坚持虽然设想了一个超越国界的联合但其实看不到真正意义上的联合联合政府仍是单一权威而别国的角色大体像是春晚上的少数民族某些细节似不合理发动机燃料竟是矿石且用卡车远程运输但最让我疑惑的是这个流浪地球构想像是匆忙上马的大政府乌托邦工程耗资巨大还失败概率不低如果不是两个中学生拯救差点失败它或许符合物理学却似不合经济学有这钱造万座发动机何不造飞船移民,2019-02-09,上海,还行
赫恩曼尼,5.0,刘慈欣可以封神了太好看了,2019-02-05,,力荐
幽幻,2.0,灾难全方面的这种大远景蒙层雾的特效可能能糊弄很多人但是电影工业又不止于特效我妈妈都能看出的糟糕剪辑和嘈杂配乐是被无视了吗年了一部电影居然还全程用配音导演不愧是青春片出身电影实在是充满青春活力了呢这个时候就要夸夸吴京了真的是救场的剧情如同儿戏设定各种不合理尴煽尴燃真的不可取解决不了以上的问题谈何电影工业不过既然你们愿意说这是我们的科幻元年那他就是吧了,2019-02-05,,较差
归来的张献忠,1.0,三体施特劳斯哈耶克以后都是要烧掉的相关爱好者应该直接吊路灯,2019-02-06,,很差
芦哲峰,,能拍科幻片了就是进步虽然煽情尬得不行,2019-02-08,,--
朱尔赫斯,3.0,人类中心主义真烦人啊,2019-02-05,上海,还行
少陵野老大哭着,5.0,中国特色地下城绝对是优点啊别银翼杀手里的阴暗潮湿吃泡面你们说伟大这会又说耍狮子过春节是可怕了中国科幻陪自己长大的打五星没有办法了那种心情无法言喻代人年万座行星发动机这些话响亮回荡在影厅的时候那种肆无忌惮的中二舒适感别无分店,2019-02-06,,力荐
TimberNord,3.0,出门遛个弯儿得穿戴半天头盔裂了会被冻死雪天开车不减速各种侧滑习以为常男主新人脸亚裔名叫户口喜欢飙车哥几个见着高楼能仰脖看半天一脸震惊系统语言是英文政府大佬讲法文主推多元文化一句不提美国政府大佬面对危机的处理方式是大伙都散了吧回家和老婆孩子呆会儿由于距离某超大体量的巨物过近而被吸走了元气老少爷们都挺忧虑的样子一队人不远万里深入敌营一把火把那巨物给点了老少爷们都挺高兴的样子不缺能源大火焰柱子说点就点特亢奋科幻风格的加拿大主旋律献礼片三星,2019-02-14,,还行
杨三疯,2.0,吴京对着地球喊了一声儿子所有活着的地球人都成了他的后代牛逼还的自己吹感性战胜理性傻逼干死科学家的典型案例,2019-02-08,唐山市,较差
男娼起义,,北京的天空哪能看到星星啊,2019-01-28,,--
易老邪,5.0,整体观感远高于预期影片尽管不可避免地还存在各种问题比如人物单薄这几乎是所有科幻片的通病叙事有些平节奏有点赶导致很多燃点没炸响高潮不够给力震撼但作为首部国产科幻大片流浪地球不仅完成度很高其背景设定风格基调及场面的大气恢弘及美工视效的用心考究一下把国产科幻片的门槛拉的非常高而口碑和票房的双丰收也为国产科幻开了一个近乎完美的好头有感于此特打星予以支持,2019-02-09,,力荐
王大根,4.0,真的是国产科幻片里前所未有的级别了可以说是太空版的红海行动不论是优点还是缺点都完全是想象中刘慈欣小说拍成电影时该有的感觉吴京这把还真的不战狼战狼魂都传给儿子了不过他和屈楚萧又不太父子更像是什么养成系,2019-02-05,北京,推荐
阿暖,3.0,史诗感不是靠狂轰滥炸的煽情就可以做到的这部电影的双线叙事做得太糙太散太自我陶醉了最可怕的是这依然是一个中国式寓言长辈们大爱无言前仆后继地自我牺牲年轻人们任性叛逆自以为是又总能踏着祖辈的鲜血苟活下来让人细思极恐的价值观如果说中国科幻值得鼓励的话及格已经是最好的鼓励了,2019-01-29,北京,还行
LOOK,2.0,科幻层面没有任何想象力可言基本就是又让我看了一遍红海行动,2019-02-06,上海,较差
余小岛,4.0,竟然真的还不错气势恢宏庄严肃穆至少构建了一个实打实可信的科幻世界在浩大宇宙面前人类的渺小和无知在世界末日面前人类的团结和合作在无限未知面前人类的真挚感情都展现得不错甚至可以说令人动容问题也不是没有特效质感差台词念白生硬人物也不够饱满演技还是有点尬不过终究还是当得起中国第一部硬科幻至于能不能开启中国科幻元年就看后来者了至少开了个好头,2019-01-28,上海,推荐
ReeZan,2.0,问题太多了其中最受不了后期配音连口型都对不上人类才是原罪不如灭绝了的好还宇宙一个清静,2019-02-06,,较差
Danny,1.0,如果没有办法在科幻电影前必须加上中国的话那么这部电影确实在特效上做到国内目前为止的最好但如果放到国际请各位扪心自问里面的特效置景甚至服装造型有哪些不是在近十年科幻电影里出现过甚至连开场设置特效几个关键人物都多少致敬了环太平洋很遗憾一部没有丝毫创新的电影同样也无法接受它被某些影评人称之为所谓开启了中国科幻电影元年更为难接受的是电影内核的价值观无法苟同没想到都年了还是人多力量大和活着的充斥在银幕里,2019-02-10,,很差
风间隼,4.0,看预告片以为是个高概念低成本作品想不到超出预期情节热血想象奇伟画面瑰丽是个完成度很高的硬核科幻电影这大概是中国人第一次在银幕上领导全人类拯救世界让我一句话概括剧情的话就是烟花爆竹救地球关于他者的刻板印象不少是以后需要多借鉴人类学的地方让我最感兴趣的是我们终于可以自己拍灾难末日场面了这本身就打开了设想另一种社会秩序的大门缺点主要是设定未臻圆满叙事轻重偏颇但毕竟这是中国科幻片的一个新起点值得高兴,2019-01-20,北京,推荐
西楼尘,3.0,少年离开地下避难所来到冰冻的地面冒险男人离开熟悉的星球飞到未知的太空工作地球离开膨胀的太阳系驶向茫茫的宇宙流浪空间站搜集人类文明延续火种地球人通过饱和救援传递火石希望从不是教室外的模拟显示屏眼镜里的虚假小电影不是永昼里望梅想米饭止渴是我兑现诺言撞向木星与你相见,2019-02-06,苏州市,还行
大旗虎皮,4.0,我不知道中国可以拍出以假乱真的美国货科幻片这到底有什么值得骄傲的可绝大多数人都会不自觉地这么想流浪地球有趣的是在年代末国产软科幻和年代美国硬科幻之间找到了家庭伦理这个可以共享的价值观与地木叙事全球救援构成了平行的家庭叙事不管你是否喜欢这种翻出出现的婆婆妈妈的东西这是工业化电影的必然选择影片有趣的地方是最后把家与希望对立起来到底什么是不能回家的希望,2019-02-07,北京,推荐
木头,1.0,硬打硬的科幻硬是被拍成了家庭伦理剧真的恶心要死这一家子直接改变了地球的命运还有没有点对自然的敬畏对科学的尊重联合政府毫无存在感吴京一个人顶两个看了一半总想着户口什么时候死到最后竟还当上了官不想多说了科幻片从不是这样的,2019-02-05,,很差
姬十三,4.0,看了点映场看之前是很忐忑的生怕很糟糕看完觉得超越期望很恢宏改编很多但总体合理很多中国元素但不违和大刘现场在看完后说中国科幻电影从今天开始真正启航了戴锦华说中国科幻元年从现在开启了,2019-01-20,北京,推荐
西卡里奥,2.0,妹妹开着全球广播声情并茂地发表了一番个人感悟心灵鸡汤后外国人纷纷落下泪水鸡血充满身去援助至此此片苦力维持撑着的大片感终于回到了本来的小品面目多次连贯的旋转镜头被剪碎切到满是机械堆砌的镜头很短时间还没看清又剪开几个镜头后又剪回来你剪辑是干什么呢,2019-02-06,西安市,较差
米粒,3.0,鼓励一下往上拉拉吧当然不是一无是处但是看得很焦躁其实科幻片里人类应该太空战狼还是充满敬畏没有说一定要怎样的但不论最终需要传达什么情感哪怕是最简单的亲人想要再见面都需要循序渐进让观众逐渐产生同理心呀这电影呢夹住了就掰卡住了就踹急眼了就大喊不爽了还放火感觉所有的角色都脾气很差不是一个好故事应有的继续方式地球被推来推去暂且不说脑洞的问题总之觉得可以完全讲的更好的电影千万套好看最重要票价如此贵钱包两行泪,2019-02-23,,还行
小岩井,4.0,希望这只是一个开始科幻元年但愿名副其实,2019-02-07,宁波市,推荐
大奇特(Grinch),,拍摄的角度来说可以了美术特效一大进步不足还有很多原著的概念改成宏大视角下的舍小家顾大家旋律也就跟着正了给予观众的解释太多赋予观众的想象太少过多展现特效缺少对人物功能动机上的铺垫以及镜头切太快细节有缺失年轻演员整体太差尤其那个程序员放了几个很基础的致敬元素如的莫斯陀螺钥匙扣等等行吧,2019-01-28,北京,--
不流,5.0,没毛病没毛病有毛病也是没毛病,2019-02-05,合肥市,力荐
恶魔的步调,4.0,三点一这是部献给程序员的影片二是如果能改造一下音乐其实是可以再加持一下的三是这根本是把刘慈欣拍成新海诚了嘛不过想想其实差别也没那么大,2019-02-05,台州市,推荐
三七莲华,4.0,吴京式煽情太多某些地方逻辑有缺我很烦主角那俩熊娃但整体瑕不掩瑜值得一看分春节档也就这个比较好看了还有我真的觉得以人类劣根性这么宏伟的计划根本坚持不了年五代之内就会给搞砸了,2019-02-05,上海,推荐
张大水,3.0,救援队在上海的时候被导航坑了从东方明珠绕了好久才绕到环球金融中心不如叫地球最后的一晚或者俄语有加分带来加加林的火箭在外太空的感觉但后来法语用得让人懵逼只是代表电影工业又上了一步以后这样的片子应该会越来越多自程度有点过头了说到底影片的内核还是好莱坞的或地心引力或世界末日表面却不是中国芯,2019-02-07,武汉市,还行
变形的文科生,2.0,作为科幻迷来说挺失望的想打两星充其量就是个好莱坞平庸水准的太空灾难片完全没有预期中的超级震撼感因为本片其实谈不上想象力画面情节很多都是经典知名科幻片的移植甚至没有自己的风格纯粹就是一个砸钱的工业特效大片看不到任何新东西无法让你产生那种神秘宇宙探索的敬畏与致密吸引力如果你是看过很多科幻片的科幻迷你压根不会为任何一个画面或者情节感到激动甚至颤抖作为一名中国观众就觉得还是可以给三星半吧毕竟起码特效水平是上去了在好莱坞面前起码不会显得太总体而言这与我预期中的那种充满人文科学智慧与审美的高级科幻片还是差了十万八千里再次感叹库布里克是真的牛逼老雷是多么值得跪拜诺兰也真的是无可替代啊,2019-01-28,北京,较差
武侠小王子,4.0,地球最后的战狼这片含京量有点高啊,2019-01-29,,推荐
Neroat,3.0,故事脉络太阳膨胀即将吞噬地球人类团结把地球推离太阳系推离过程地球被木星吸住即将分解众人合力把木星点燃推开地球成功特效很好但剧情真的太烂这片子最惊奇的是不像其他科幻片是抛弃地球另选家园而是人类带着地球跑户口演技太差人设也不行还特装逼看得我想暴打他的狗头不过其他演员都不是太出彩煽情有点尴尬但是整个立意很好三星半,2019-02-07,,还行
prayer,3.0,所有的主演情商都好低噢,2019-02-05,北京,还行
朝阳区妻夫木聪,4.0,很复杂的观感即便能说出这个片子的一百个不足比如本土化的台词过于刻意比如有点想当然的剧情比如一根筋式的人物塑造比如结尾处站在宇宙中心用爱发电的廉价煽情等等但是情感上还是有被打动到看的过程中一度想到人类的伟大与渺小也穿越到结尾安妮一个人孤寂的神情甚至还想起了奇葩说里大美玲说的那个有后东和无后米的故事其实本质上还是在用硬科幻的外壳包裹人类共通的情感联系选择回家选择远方这样的议题放在影片的语境中显得更具现实意义也显得更加在地而宿命的荒凉感和对希望的执着企盼在顶级工业水准的加持下也散发着动人的色彩这颗在黑暗宇宙中摸索前行的小小星球承载着人类多少厚重的能量一想到就觉得震颤不已中国科幻电影第一步走得确实不容易三星半鼓励,2019-01-28,北京,推荐
NullPointer,3.0,电影上映恢复评星特效三星算正常但人物和台词就是蠢到尴尬只要你不被所谓中国科幻大片的情结绑架想象下要韩国人拍了这么一部绝对被喷成狗头本片水平给三星非常公允就是如果韩产三星最高如果国产三星最低的水平前半段是一股熟悉的国产囧片味道情节靠画外音推进人物靠中二前进后半段是一股熟悉的国际灾难大片味道但后半段真不错离结尾越近水平越好人物纷纷活过来了情节开始沿着陡峭的逻辑的轨道滑行飞向终点在设定在几十年后的科幻电影里夹各种转瞬即逝的网络文化梗从此不再只有好莱坞爆米花片那么浅薄中国爆米花电影一旦有机会就青出于蓝,2019-02-06,上海,还行
孤鸿影,5.0,国内拍绝对要毁不是说国内没有好导演好编剧好演员而是国内缺少踏踏实实做电影的电影人国内特效资金电影工业懂的人都知道不比好莱坞差的我收回这句话流浪星球刷爆中国科幻万岁然后我把话筒交给京学家你们黑前能看完再黑吗,2019-02-05,咸阳市,力荐
青泥,5.0,满分谈科幻情怀谈中国人的情结其实是没有必要的这毕竟是一个见仁见智的问题但是从技术上来说它是一部已经成熟的商业科幻大片只有在这个方面看到了成功和盈利的希望未来中国市场上才有更多国产科幻片出现的可能因此我给它满分,2019-02-05,,力荐
占黑小伙,4.0,宇宙广播地球无望的时候我真希望片子就此结束吧让人类静静地面对自己的时间终点引发不适的是贯穿始终的回家教育,2019-02-07,苏州市,推荐
囧叔,4.0,看过超前电影场泪点很多主要在片头片尾上前头写着原著刘慈欣片尾直接围绕一本流浪地球原著做了一段蛮带感的而大刘就坐在前排经历着自己的第一次我没收钱实名打四星不是友情转发跟大刘和郭帆都没有友情,2019-01-20,北京,推荐
药师,,什么时候我们不会自我感动到打鼓励分才真有那么一点指望今天打鼓励分的人明天自己拍片也希望大家来鼓励那不如去做厨子美术确实好,2019-02-06,,--
gegemoon,3.0,格局这种东西见仁见智但至少在特效水平上达到了好莱坞工业化十年前的水平一些设计还是挺有意思的比如条形码扫描驾驶提示的梗不过机械盔甲能多展现一下作用就更好了细节上真没法推敲好多地方嘴型都对不上还有卡帧既视感以及年后的社会有点令人失望啊跟现在没啥差别北京中学生校服还那么丑,2019-02-08,,还行
李濛Lemon,4.0,三星半吧基本在预期之内国产科幻片交出这样的作品已属惊喜实际上这片子所有的优点都是对原著精华的继承片子成功大刘功不可没有原著打底剧情没有太差特效也还不错但缺点仍然十分明显首先人物的情感纽带太薄弱了父子亲情基本靠道具如照片和闪回渲染毫无张力其次人物塑造得太差演员没有一个演技到位的小姑娘做作小男孩过火吴京好像随时要给你上一节思想教育课第三不是不可以煽情但煽情也需要水平最后点燃木星的段落因为过于频繁的煽情变得拖沓而矫情,2019-02-06,成都市,推荐
拔刀诀,3.0,有惊喜也有遗憾这部电影证明了中国导演在技术层面完全有能力拍出不逊色于好莱坞科幻大片的特效场面他们对于故事内核对于人性和人类情感的理解仍然停留在狗血家庭伦理剧革命英模样板戏的陈腐套路中当最后高潮阶段男主他妹颤抖着朗诵出一篇女初中生作文时终于没忍住笑场刹车时代逃逸时代流浪时代流浪地球是可以拍成系列的宏大设定有点可惜了,2019-02-06,,还行
柯里昂,3.0,虽然原著风评极高但电影其实还是按照最常见的那套类型片的模板在拍最后干脆用剪辑伎俩让吴京挤出了马修麦康纳式的两行泪相比大家的野心吴京这一哭确实有点太没诚意了不过放同类型片堆里这种级别的体量除了好莱坞大概也只有不差钱的中国电影人能搞出来了当然话说回来想必主要还是制作方会省钱地球部分更像是过往灾难片的元素集合空间站部分赶不上好莱坞顶级也能把俄罗斯近几年拍的那批太空片甩远加分项无奈剧情上逻辑打脸的地方仍旧太多另外近一半的台词和口型对不上是咋回事,2019-02-06,北京,还行
安德烈大叔,3.0,摒除当下保护主义盛行所附加的降低标准一星鼓励这就是个三星偏低水准的作品制作层面在当下中国电影工业而言是很亮眼的大概达到了好莱坞二十年前的水平剧本故事完整三幕结构加双线很标准的路数最大的欠缺是人物扁平没有能让人记住的角色演员表现比较糟糕也让整部片子显得有些闷导演很粗暴也很潦草饱满的配乐听上去大都是高仿的美国货鼓点都差不多当然这都是行业惯例不过直男煽情还是得多练习一下最后从科幻层面而言这部片子硬科幻定义的有待商榷,2019-02-05,北京,还行
朝阳区陆依萍,4.0,屈楚萧就是我的小狼狗请把我从北京一路顶到木星谢谢,2019-02-10,北京,推荐
伯樵·阿苏勒,3.0,优点和缺点同样明显优点就不说了缺点这线索交待太乱了高潮场面混乱到无厘头这样居然也把故事讲下去了几个大的煽情场景感情酝酿得都太差最关键的真的不是要黑吴京全片属他最尬演技就不说了这念白大陆演员念白差成这样也就小鲜肉了要能换个强一点属性的爹绝对是一部值星的片含鼓励了,2019-01-28,上海,还行
壹安²,5.0,格局之宏大华语科幻实属罕见辽阔感人激动当然不得不说是幸得大刘原著之福大灾难背景下情救赎信念牺牲真是科幻永恒的内核和精髓最后流浪地球可能不是最好的科幻电影但绝对是华语科幻最有里程碑意义的一步,2019-01-28,北京,力荐
顿河,5.0,一定会有人来较真儿不过尔尔但就是喜欢以及尊敬人类有两只眼睛既要关注当下也要眺望远方赶长路总得看得远些多点夸父追日的浪漫就能多点愚公移山的可能流浪地球是个不断在两个坏的结果里做选择的故事希望是唯一的标准说是科幻元年意味着一片荒芜百废待兴而出发的决心和勇气赢得的将不只是尊重因为今天就是明天的昨天最喜欢片尾的那段话我们是个缺乏谈论普世价值基础的社会但希望和勇气总是可以也应该说的吧,2019-01-29,北京,力荐
西帕克,2.0,流浪地球这个科幻设定非常浪漫但执行起来却有点网飞网大的感觉人物多且不深入主线基本就是一场没规划的救援导演既想做的温情又想做一点悬疑但两头落空其实这个设定可挖掘的地方很多毕竟计划刚开始就要杀死一半的地球人如何选择取舍其实非常艰难之后的社会也更应该沉浸在悲伤和自责中而不仅仅是如今的猎奇和救援只关注科学的那一面而略过或简化人性的那一面难道中国科幻的最高追求只能是爽片吗,2019-02-06,上海,较差
咱说,3.0,走出影厅的时候我身后一位女生跟她的同伴说了三句话这部电影剧情很一般网上打分高大概是因为特效吧而且为什么搞这么多煽情啊我同意她的看法这部电影让我感觉最不足之处那就是人人性人类文明和人文关怀的统统缺失我看不到芸芸众生的人看不到七情六欲的人性看不到色彩斑斓的人类文明我只看到各种硬伤的科幻设定只看到各种未必高明的高科技只看到国产电影最高水准的特效可是没有了人这一切都是苍白的当后天里难民们在图书馆里争辩要不要烧尼采的书想竭力保护西方文明之里程碑的谷腾堡圣经时这样的细节会让人肃然起敬高度文明不是苍白得只剩下高科技即便在最危难的时刻我们仍然会想起某些永恒的人类文化母题它们的价值超越了小情小爱也超越了家国情怀恐怕它们才是人类命运共同体的真谛,2019-02-09,,还行
不良少女王蛋壳,3.0,刘启和刘朵朵逼话特别多一度希望他俩能闭嘴把整个电影都弄肤浅了京王还是厉害比战狼里好一点,2019-02-06,杭州市,还行
冬惊,5.0,看到吴京戴上同传机忍不住笑出声,2019-01-28,北京,力荐
FYB,2.0,煽情显得太尴尬,2019-02-05,成都市,较差
Pekingcat,1.0,我是很客观的评分的编剧部分有很大的问题这个问题就是这里面主人公面对所有的困难和挑战而采取的行动不靠外部情势的改变和机遇不靠主人公由于遭遇而转变了视角全靠突然想到了影片后半段感觉被人绑住硬噎进去一个馒头不知道怎么回事地球就在无数个偶然的突然想到中被拯救了让这里面所有人的抉择都轻飘飘的里面大多数人死的都不是因为他人的决定而是意外为了营造末世感尸体遍地却不让人有触动说到底是电影没有真的思考和人文关怀空有个必须拯救人类的空话却不知道人到底为何物及格的电影吧还基本能看得下去很多人去给豆瓣的打星认为只能看过电影才能打分好吧我看过的现在星改星为你们热爱的想要以任何手段捍卫的这部电影献上我庄重的星,2019-02-08,北京,很差
心生,4.0,是中国科幻电影的里程碑式作品它彻彻底底把国产科幻片大幅度地推进到了一个全新的高度即便是放在国际电影市场中这样的水准也是足够了的而且比较体面它有着三体式的悲悯硬核与史诗感虽然体量上无法跟三体相比虽然整体跟世界顶级科幻片仍有差距但它真正点燃了国产科幻电影的新希望加油,2019-02-05,北京,推荐
凹凸,3.0,问题非常多但想想它至少把中国科幻片的天花板拉高了不止一点点还是鼓励鼓励吧全片最好看的部分是导演的颜,2019-01-28,上海,还行
天亮天黑,4.0,看流浪地球的过程中眼前依次浮现出后天星际穿越出乎意料地完全不输好莱坞的后期特效作为年就开始在科幻世界的银河奖征文里追随大刘的读者这部电影可以说是比较让人自豪了红海行动在年票房有多好流浪地球就有可能卖多少,2019-01-28,北京,推荐
乱骂1977,1.0,拍出了级好莱坞科幻片的质感不知所云不知所踪不知所谓不知所以生活耗尽人的热情这部电影也一样假大空无法使人感同身受把中国人的情感拍的很廉价猪队友让人生厌,2019-02-06,石家庄市,很差
百草幽香,3.0,特效还行剧情是什么鬼没几个人做事是合乎逻辑的一个个莫名其妙感觉这部片子就是学美国大片画虎不成反类犬的产物为什么要在灾难片里尬笑而且根本就一点儿都不好笑结果既丢掉了面临末日时应有的严肃庄重又没有一点幽默感唯一看着顺眼的是吴京至少是个正常的人类除了最后那个奇怪的站不住脚的决定其他人要么歇斯底里要么油腔滑调最讨厌的是刘启我恨不能冲进银幕一巴掌抽死这个小屁孩长着一张欠揍的脸还总是自封天才要多恶心有多恶心好吧最后都流浪地球了还要忍受新闻联播和到处可见的煽动性标语这特么才是最大的灾难好吧,2019-02-07,南京市,还行
davekozg,3.0,流浪地球我们通常说的看电影感觉台词尴尬看不下去的原因很直接那个角色在那个场景中不会也不应该说那样的话为什么因为我们知道自己不会那么说话也知道没人会那么说话这种缺陷在流浪地球的后半段毫无节制到几乎难以忍受纯粹做一个猜想式的论述可能长久以来国人习惯了假大空的宏大叙事而从来都缺乏家庭层面的感情视角于是当观众厌弃了假大空而电影创作者试图从家庭层面的感情视角去讲一个故事的时候却因为这种长久以来私人视角叙事的匮乏而显得捉襟见肘似乎电影创作者并不知道怎样表达家庭层面的感情叙事视角而只能拿着好莱坞现成的体系往里套而很遗憾的是这么做又使得本就已经非常尴尬的台词显得更加尴尬如果把里面的全部演员都换成好莱坞演员台词换成英文满分为的话大约值分多一些,2019-02-09,,还行
OhBoyDaily,5.0,请把三体安排上,2019-02-05,,力荐
七七,5.0,少一点史诗感但还是五星,2019-02-05,上海,力荐
fateface,4.0,我儿子说必须五星但是我觉得客观来说也就是三星半吧人物塑造实在太尬了至于说中国人也能拍硬科幻啥的是挺不容易的但那跟电影本身也没啥关系吧,2019-02-08,,推荐
宽松睡裤又如何,2.0,一部软科幻电影就不要拿出一副硬科幻的腔调硬又硬不起来,2019-02-07,上海,较差
帕罗西汀,3.0,末日灾难太空歌剧赛博朋克执行不可能完成的任务从世界观打造和特效来说比预期好太多小毛病有大方向是国产科幻片的一次突破同声传译春季设定这些点考虑得很细致甚至很多点感动到了我但是节奏有问题煽情点太多这个情绪还没推向高潮紧接着来了别的饰演朵朵的演员的演技电影台词太差了每次旁白出现我都希望他闭嘴总体值得鼓励郭帆自己也说本来想参考星际穿越结果发现美学上想要达到中国观众语境的包装太难了所以在实际操作中最有参考价值的是银翼杀手因此观众能发现地下城的景观是有赛博朋克影子的但郭帆把它本土化得很好没有香港的感觉更内地亲人两行泪是个惊喜点,2019-01-11,北京,还行
墨墨,3.0,台词用力过猛基本达到了高考满分作文的水准其他还可以,2019-02-06,,还行
热血青年李健,1.0,八组吹得我忍不住去看了午夜场实在是失望特效粗糙台词幼稚人设肤浅剧情无聊刻意煽情被口碑逆袭营销路线套路了一星给全片最佳扮演者空间站控制系统地球都快毁灭了只有在扮演着科幻片的角色其他人都还想着回家过年从未叛变全剧最苏,2019-02-08,广州市,很差
后自愈,4.0,超乎预想的太多这的确是一部意义非同寻常的作品剧本和特效都足够踏实满满的人文主义关怀让它有了与美国大片截然不同的气质还有瑕疵但在其相对华语电影工业和类型高度的巨大飞跃前这些都不值一提冰雪覆盖的巨大建筑物赛博朋克的地下城流浪地球计划的故事构想这些震撼感官的部分也指向国产科幻片逐渐明晰的未来,2019-02-04,北京,推荐
Hideo,1.0,高度依赖文本的叙事郭帆创造了一种全新的艺术形式姑且称之为视听小说吧叙事基本靠说剧作节奏零碎且赶看得出郭帆对某些观众智力的绝望浅显直白到务求最智障的人都能看懂郭帆讲故事的耐心近乎为零放弃了引导而是一味强迫观众进入情绪闭眼睛就是广播剧睁眼睛就是奇观展示配乐的滥用令人发指三条音轨几乎铺满了整部电影郭帆似乎并不在乎观众的听力健康低重音滥用让人濒临崩溃着重强调灾难的场景却淡化了逻辑关系对关键信息进行了模糊化处理为了惨而惨死亡在剧作层面目的性很明显对操控观情绪的作用比对剧情的推动要大得多经常为了戏剧性彻底牺牲逻辑郭帆对演员的指导堪称灾难情绪建设基本上没有全凭乱吼爆发出来立意层面依旧是刘慈欣让人作呕的三观在极端背景下论证那套反智反理性的东西,2019-02-07,,很差
无耻不混蛋,4.0,科幻版红海行动太空版战狼最后还是靠战狼拯救人类的确这一次国产科幻片的技术性问题是解决了也给国产科幻片开了一个好头剩下的请继续加油,2019-02-06,北京,推荐
Madison,5.0,在国产电影上的里程碑意义值得一个五星制作与国际一流接轨故事的史诗感甚至是世纪科幻电影中数一数二的为此也真的可以忽略前半程剧本的略微混乱最后一幕真的炸了情感牌打得好史诗感也做足了吴京的戏份虽然不多但都在关键点上最后一场戏也是煽的恰到好处忘掉他是战狼吧人家这次拯救全人类了,2019-01-27,,力荐
寂地,2.0,早早定了流浪地球的票设定棒开头燃可惜大气磅礴的背景下少年男女主角的性格就显得太矫情了人物也有点脸谱化但流浪地球的概念真的好棒都可以拍成几季的长篇科幻剧了一部电影讲完这一个故事已经实属不易看完坐上车忍不住想对导演说行车不规范亲人两行泪,2019-02-06,,较差
格里高尔,3.0,原著的奇葩和浪漫大半消失乱哄哄但最初三分之一还是给了我一些惊喜作为国产灾难片可以及格为鼓励甚至可以上四星地下城黑市的三秒呈现我注意到两组男女互动一是浪女憨男一是悍女浪男太陈旧了太小品了太低能了在最该舒张人性的所谓黑市区依然是这副看饱了春晚的蠢相中国人的压抑到底是有多深重千年集权统治真是不寒而栗卡车里那段女音更可怕那种把成人当儿童的嘴脸以及所有角色的一切充公却依然充实的精神状态都很熟悉虽说高压环境令人类文明倒退到中国标准是可能的但回想国外电影表现此类高压集权环境下角色对自由的自然向往本片是完全没有的所有中国人都仍然是一幅不想挣脱框架最多在框架内变通的顺民嘴脸主角的脱轨行为只能算撒娇作死和自由没有一毛钱关系和围着家长转的乖宝宝没有本质区别,2019-02-06,南京市,还行
蒙特内哥罗金楼,2.0,京味十足让人尴尬是北京不是吴京,2019-02-08,,较差
雅典娜,3.0,木星它做错了什么好好一个灾难片天天闹什么硬什么科啊根本不科硬不起来的想夸一句特效的确拿得出去结果看到字幕一大片工作人员名单行吧呵呵请仔细思考你感受到的感动是剧本煽情结果还是真喜欢宇宙洪荒求求你们去看看苍穹浩瀚吧也就强上二百五十倍吧,2019-02-09,,还行
Tyger Tyger,3.0,有库布里克年的经典在前一切对此片所持的赞语都应节制我感兴趣的是火种计划的既定程序和地球联合政府的叙事位置怎么摆这其实是片中一直很模糊的地带联合政府最后用法语同意吴京的冒险是理智之外的情感弹性的显示吗这个意义上刘户口和吴京之间吴京和联合政府的指令之间是个体和父法间的和解妥协的故事,2019-02-08,上海,还行
小白兔,3.0,怎么说呢特效制作场景设计真的深深震撼到了我即是因为我们的科幻片终于可以如此精良也是因为电影中地球的场景设计真的很棒但是台词真的很尴尬倒不是亲人两行泪那几句而是很多对话让我很别扭尤其爷爷快死的时候孙子一直疯狂喊着老东西真的是让我觉得耍酷能不能挑挑时候男一全程装逼脸实在是尴尬,2019-02-24,,还行
琼斯黄,3.0,像看中文版音乐剧每个环节都学得有模有样大场面到精髓工作态度也认真差了几口气但会让心怀热爱的人们觉得未来很有奔头最大的失望可能是屈楚萧本来指望他成为中国的刘亚仁呢,2019-02-06,北京,还行
瑞波恩,4.0,还是过于煽情了有诚意无惊喜评分有虚高嫌疑口碑两极也暴露了观众的巨大期待与中国科幻尴尬处境的矛盾其实大刘的科幻原著设定已经很厉害了太阳衰变地球末日借木星来让地球逃离太阳系都是不让西方科幻的脑洞大开然而影视化效果差强人意主创的才华没能撑起庞大的野心叙事凌乱不分主次一个场面赶一个场面给人感觉很粗糙都没时间思考结果很可惜地落入俗套多处模仿好莱坞接二连三有人出场却少有亮点宇宙英雄青一色的京片子无限膨胀的直男癌式英雄主义笑梗一点也不好笑泪点也感动不起来最后竟然沦为春节拜年致辞为了讨好春节档观众拯救世界回家过年父子情兄妹情也并没有多动人最大的亮点就是堪比好莱坞的特效还得努力呀然而对于后来者却有相当的借鉴意义愿我们的科幻片能真的飞向太空,2019-02-07,北京,推荐
阿巴厮,5.0,以后中国还是少拍这种电影了吧费钱不是费投资人的钱是费老百姓的钱太好看了总想看一张票好几十一天的饭钱了,2019-02-10,成都市,力荐
国王KING,5.0,燃到飙泪的地球救援绝望与希望的救赎之路更重要的是这是中国科幻电影,2019-02-07,广州市,力荐
雨前羽街,4.0,保守点儿说可能是我国前后年内的科幻电影高峰了,2019-01-28,北京,推荐
叶酱,3.0,看的好晕还是欣赏不来这种主打特效的电影以及价值观也是非常中国式了,2019-02-07,,还行
budweiser,3.0,以好莱坞的标准来评价我给三颗星用好莱坞的标准评价这部片子是对这个片子最起码的尊重但作为一个中国电影爱好者我打五星,2019-02-05,南通市,还行
清山昔水不在流,2.0,中国科幻电影仍有很长的路要走,2019-02-05,天津市,较差
渡口无边,3.0,所谓的中国首部科幻姗姗来迟诞生的也只是一个看似工业上成熟而内核依然幼稚的巨婴命题庞大叙事羸弱视点的格局也特小从头开始就踏入煽情尴尬的步调人物动机紊乱更别说糟糕的台词和末尾的演讲稿在涉及到人类生存困境的时候又全然是个人的私心和情绪化的鲁莽赌博太儿戏了科幻只是表层完全没有渗透到细节设定和人道思想的深度全球化的救援行动中外国部队全盘缺席空间站的呈现也只有电话里的联合政府回看星际穿越地心引力火星救援这些片子一直在谦逊地思考生命之于人人之于宇宙的三元关系从中以小见大而流浪地球就是人定胜天一切的理论推演都抵不过满腔热血到底是私心还是牺牲精神作者自己都没理清这些种种也实难以硬科幻号称了,2019-02-05,上海,还行
品客,3.0,电影有可圈可点的地方比如冲突和阻碍的设计也有低级的失误大量不知所云的镜头和粗糙的群像戏但给五星的人就像天天在互联网上高呼的宝莱坞粉丝一样将这部完成度合格且有着大量瑕疵的年版顶成了全球水平的大作且不接受反驳真是让人无语当然对于国产片宽容是好的但切记正确看待自己的位置才能走得更远星,2019-02-10,北京,还行
hidecloud,5.0,作为一个三十年的科幻迷开场五分钟就开始止不住激动的流泪直到片尾制作名单滚动完毕泪水就没停过不愿意错过任何细节想再刷十次,2019-02-05,北京,力荐
电鳗粉,5.0,现在豆瓣的文艺小清新白左越来越像邪教了对于集体主义的东西已经形成反射性厌恶他们居然告诉我人类都死到临头了还要玩个人自由主义大刘那种冷酷的现实主义让他们感到恐惧他们宁愿活在自己幻想的乌托邦里也不愿意认清现实,2019-02-07,北京,力荐
kulilin,4.0,电影版三体的有益尝试的确是中国科幻片第一次尝试如此宏大的场景与叙事并且做到了,2019-01-28,北京,推荐
Dick Briganza,2.0,看到给地球的最后通告真的笑出来了,2019-02-07,,较差
蒲末释,4.0,旁边的女孩大概吃了十根鸡翅两根鸭腿一盒鸭脖,2019-02-09,北京,推荐
Bonnae,3.0,我其实对这样的孤胆英雄靠着死马当活马医怎么推想都不靠谱的方法拯救地球这一套早就不感冒了地球大概也像猫一样有九条命不过这都被拯救了次了大概这算是奇迹抑或神迹基本就是中俄哥俩好拯救地球的故事不过苏联老大哥提前挂了所以只能靠中国了不过联合政府话事人看来还是俄国人算是安慰俄国佬果然日本人关键时刻就想着自杀这回算是没有剖腹是用枪美国佬救援小队最后才露了一下声没看见脸故事平舖直述缺乏令人意外或者特别的剧情转折人物性格塑造一般女性还比较刻板印象爱哭需要人照顾那位哥哥刘启给我的感觉还有点地痞气大概导演误以为这是个性价值观上算是没有硬伤但是像白开水一样平淡无味缺乏深度大概就是在绝望时刻不要放弃希望可以与,2019-02-12,,还行
张劳动,5.0,中国科幻电影都可以了留给中国男足的时间不多了,2019-02-06,北京,力荐
小啊原,3.0,这部电影只能证明我们的特效起步了我们的科幻片还没有起步,2019-02-05,济南市,还行
欢乐分裂,3.0,首先是宏大设定题材的胜利木星的壮阔斑斓与荒原废土视效展现的工业制作水准有惊喜让人仿佛窥见国产科幻的春天微光不少模仿痕迹莫斯堪称全知型的哈尔然而缺点亦同样显露无疑不谈科学原理的硬核度是否经打我首先非常反感在号称硬科幻的影片里乱塞情感强煽套路化的美式个人英雄在社会主义高大全特色美学旗帜下显得尴尬无比自以为是的幽默和废话连连的台词经过尬演滤镜折射以及全程满溢的配乐愈发让人出戏全片最神奇的还是混乱而粗暴的剪辑很多关键场景被处理得莫名其妙不知所以甚至出现情节的跳跃,2019-02-05,上海,还行
银谷,4.0,建议大家放低预期去看好但并没有吹的那么开天辟地的好特效确实没话说开头十几分钟快节奏剪辑交代设定背景加上我们熟悉的北京上海杭州等大城市被冰雪覆盖的荒凉震撼场面确实让人忍不住想打星可惜后半段越来越主旋律和刻意的煽情使每一个阅片量多一点的观众几乎都能猜到最后的结局这让一切开始变得冗长和乏味影片观影完毕后留给观众哲思和探讨的余味很少影片应该更深挖人工智能的背叛人类对宇宙未知探索那种恐惧和好奇心并存的心里而不是把全部精力都用在众志成城拯救地球这条单一的政治正确主线上,2019-02-04,上海,推荐
昵称被占不开心,2.0,特效不错剧情硬伤,2019-02-05,,较差
盒饭,5.0,三体照这个路数拍就不会是烂片,2019-02-07,北京,力荐
su27根本就没有,5.0,好看完全不逊好莱坞一流科幻片终于国产科幻大片也有今天了设定故事美术一切都太刘慈欣了原汁原味的重工业大尺度冷硬中国风大刘科幻,2019-01-28,,力荐
苍山古井空对月,3.0,三星是鼓励国产分最直观的感受是看完第一遍之后没有二刷的想法首先我觉得角色塑造得不讨喜男主角无法让我产生认同像个任性的小孩子没有大局观他和救援队之间的电车难题矛盾轻描淡写地忽略了第二是影片对于摆脱麻烦困境的过程太省略了只有开头出现麻烦然后就到结果让你知道摆脱了麻烦中间的过程我不知道是怎么样的如此一来就没了紧张感成了流水账叙事还有演讲光靠煽情讲道理而不讲救援计划嘴炮拯救世界实在是很难接受,2019-02-05,,还行
Lucifer,2.0,国人有多匮乏想象力呢从流浪地球的影评不难看出来大多数人对于国产科幻电影的展望都不过只是宏大浩瀚的故事画面至于尴尬又不好笑的网络流行段子毫无逻辑可言的剧情转折以及迷幻的主旋律大背景好像对于国产科幻片都是过于超纲的苛责了加之春节气氛的渲染该片顺利摘下国产硬核科幻巨作的标签各位观众请仔细想一想战狼站在宇宙中心呼唤爱的那两段科幻在哪里这特么难道不是剧情片还有刘慈欣你不是说自己作品最吸引人的特质是冷酷但又冷静的理性吗请问这部电影冷静在哪里主角加配角一言不合就疯狂飙戏中途入场的观众如果正巧撞见近景镜头难道不会以为是在看神探蒲松林吗最后我希望三体永远扑街,2019-02-07,杭州市,较差
孔鲤,3.0,流浪地球看完了不差但我看得不够爽虽然是科幻但是不新只有科技是进步的人类生存方式社会形态社会心理没有变化家庭和国家也还是最传统的那种当然作为春节档合家欢电影这么拍我是可以理解的那种不太会为之兴奋的理解,2019-02-08,北京,还行
肥树,5.0,标准定这么高给国内科幻同行留点饭吃啊,2019-02-07,北京,力荐
御风飞行,2.0,对不起不好看国产科幻片任重而道远你说一个没受过任何训练的小屁孩顶着主角光环叫嚣着哥是个天才拯救了整个地球我还想说姐上辈子拯救了整个银河系呢,2019-02-05,上海,较差
zing,3.0,吴京分泌泪珠那段扣了两颗星,2019-02-06,宜宾市,还行
路西法尔,3.0,中国宇航员开着空间站撞木星这不是全频道阻塞嘛视觉效果可以的但剪辑有重大问题吴孟达和李光洁都死得很突兀其实地球快挂了要不要最后赌一把我觉得根本算不上问题肾上腺爆棚自然就上了救援队几次想半路解散才莫名其妙要是人类都觉得自己不值得救那灭亡也不是什么坏事倒是掌握地球一切资源的联合政府想出来的办法就是让空间站抛下人类而逃危机被一个翘课学生灵机一动解决了看起来倒像是讽刺联合政府一样联合政府唯一的用处就是把要散伙的救援队喊了回来如果没有随时散伙的小农经济思维这个假想敌联合政府该如何自处这就人性悖论与意识形态制造的虚假人性悖论间的区别问题在于人性自有尊严完全可以从各式各样的意识形态手中取回自己,2019-02-06,北京,还行
王食欲,3.0,格局太小缺乏胸怀概念上老生常谈故事不错台词露怯最值得称赞的是视效画林是家好公司,2019-02-09,北京,还行
纽太普,5.0,去看流浪地球吧一定要去如果可以打两百分的话我打五百分这不是什么中国科幻片能拍成这样不错了这是有机会竞争影史前十科幻电影的片子真正的大刘原创级别剧情真正充满中国内核却又可以连接世界普世价值的电影最后二十分钟我是哭着看完的为了剧情也为了中国科幻总算他妈的混出头了为人类致敬,2019-02-05,上海,力荐
放开那个浪味仙,3.0,有原著加持这部电影确实让中国的科幻电影向前走了一步但故事和细节仍然存在问题前半段的气氛特别赞到地球还有七天要毁灭那里很感动觉得可以给到星但后面实在吴京他儿子突然想通了怎么救地球每个人都技能满点之后这电影就掉回星了,2019-02-08,北京,还行
乌鸦乌鸦,5.0,优点和缺点都很好莱坞为什么至今没看到魔改这个词好莱坞大片已经四平八稳到所有反派都是虚构人物且都是个人品质恶劣本片的坏人竟然是木星没有一个人类反派这是求生欲多强啊,2019-02-10,,力荐
瑾朵朵,5.0,韩朵朵最后的演讲太没水平了扣分希望最后的结局是救援失败地球被木星引力撕成碎片所有人在希望与绝望中在疯狂与平静中迎接死亡,2019-02-07,,力荐
犹在镜中,3.0,像是一个合格的面子工程大致的世界观搭建得没问题在看的过程中也成功被唤询所以三星还是有的但诚如一些批评所言此片的剪辑很奇怪有好几次时间交错或动作复杂的戏剪得让人看得晕极了而且没有中国特色从故事情节的组接到回家主题都在学习好莱坞经典科幻片可这明明是部中国特色社会主义的灾难片啊科幻想象从旁白褪去就散了接下来的就是牺牲前进再牺牲前进混上朴素的比如初中生深情广播动员全球和大跃进式的中国神力用知不可为而为之去嘲笑工具的智慧预测不得不说这里很粗浅有着很多粗糙的毛边当然最大的疑问是社会主义灾难片或者扩大到所有类型的电影的历史是不是在大跃进时已经迎来了终结,2019-02-07,北京,还行
傻冒叔,3.0,题材够宏大特效够震撼但是传达出的那种价值观让我浑身不舒服,2019-02-06,杭州市,还行
老袁,3.0,特效没什么好挑剔的但科幻电影也不是只有特效吧文戏太硬像一只没炖软的鸡熟是熟了但吃着太累吃完还消化不良在男主的衬托下吴京的表演可以说得上是真挚动人了我爱屈楚萧,2019-02-09,北京,还行
K,2.0,就怎么港我始终觉得科幻科幻就你可以瞎编一些东西比如人类已经通过某种技术获得了突破光速的手段但是不能无视一些很普通的科学道理太阳都进入生命末期了你一个地球还能让人类居住这没什么道理啊太阳寿命末期大概会变成白矮星而远在那之前地球已经不适应生物居住了以及假设地球那时候还适宜居住地球远离太阳之后也会立刻变得不适宜居住热辐射变化会立刻导致环境巨变就不是说你一定要多么多么科学多么严谨但是你总不能连小时候看的科普节目都不如吧地球之所以会事宜生物居住就是因为其运行轨道是的地球与太阳的距离使得其自身还是自转产生的磁场能抵消大部分来自太阳的磁场以及让来自太阳的热辐射让地球的温度正好适宜居住偏离轨道的行为就跟自杀无异就我一个和科学无关的人都懂的道理,2019-02-13,,较差
一口吃掉小蛋糕,5.0,真不敢相信是中国科幻前半段跪着后半段哭着看完流浪地球更期待三体啦宴席上达叔问我好不好看我说好看的我哭很惨结果旁边的主演小哥吐槽我泪点低但是调头的那刻真的哭爆了看的是未渲染完成的版本已足够震撼虽然还是个人英雄主义但刘慈欣毕竟是大神啊科幻是皮囊人性才是骨肉,2019-02-04,北京,力荐
内有恶犬,4.0,好莱坞式主线剧情之下是大刘原著赋予的浓黑的绝望生命的温度在茫茫宇宙面前从来就没有过姓名尽管起步晚但流浪地球一出中国科幻电影的起点也算不低了春节元素不多不少太空大炮仗是对贺岁档最深沉的爱,2019-01-28,北京,推荐
南璎珞,2.0,最多给个及格分吧有几点让我尴尬的朵朵广播时为什么说那么多废话而不是直接说明点燃木星的计划这样不是能更快得到救援吗救援队们推启动器时排队推人背的方式只会让力量抵消吧我物理不好但认为这种方式可能无效刘启去救朵朵他后降落的速度凭什么能赶上朵朵的下降速度伽利略的棺材板还能按上吗服从是军人的义务战狼作为一个军人擅自更改政府的火星计划真的没关系吗失败了地球和地球的备份就全部完蛋而且就算拯救了人类动物的基因库也陪葬了人类就比动物高贵吗人工智能系统用火就能烧掉这个系统也太水了吧火种看起来就很珍贵然后被女救援队员一枪打烂了你们就这么任性火星爆炸时的冲击波应该要炸掉半个地球表层吧主角光环附体居然不死,2019-02-08,,较差
占士鯊,3.0,這片給我的感覺很複雜劇情是好看的人物塑造和煽情很尷尬有的明明開始感動硬生生被台詞和心理旁白噁心回去了順說你們狼演技真的勸退,2019-02-07,广州市,还行
秦汧,2.0,不太喜欢甚至有点反感给特效一星给演员一星工作辛苦,2019-02-10,杭州市,较差
🍬Petaloúda,5.0,好看不做影评人想怎么打分就怎么打分爽大年初一看这个片子有点儿致郁尤其不适合拖家带口看看完更坚决了流浪的心心理学中有个返家理论就是不管家烂成屎了还是要回家这个片子看完真是打脸人活着走到哪儿哪儿都能成家绝望的临界点过去就是希望踏进希望的时候希望你一身包袱全然甩落只要知道他们本意都是爱你就好了遗弃还是流浪一个被动一个主动记住了千万别忘,2019-02-05,北京,力荐
沈霁,2.0,吴京和刘慈欣本来以为我最不喜欢的演员和作者混在一起可以负负得正结果还有个郭帆,2019-02-05,深圳市,较差
小油飞,5.0,自从在科幻世界上看到流浪地球原作以来已经过了快二十年我从未想过有一天它真的能够成功影像化这部片子筹划和制作的每一个阶段我都满心怀疑一直以为要看笑话事实上它确实踩中了我的许多雷点生硬的旁白和回闪吴京的演技对回家和亲情的过分强调辅助性的女性角色偶尔的爱国主义但确实令人惊讶地不算过分然而它的科幻部分太对太对了每一次镜头拉到太空尺度我都忍不住泪流满面我没有因为它是中国科幻电影而拉低标准以任何标准它都完全不输好莱坞科幻片,2019-02-06,,力荐
seamouse,4.0,补了优缺点都相当显著啊大刘的宇宙观和社会主义特色的牺牲精神确实都成功表现出来了主线人物关系清楚矛盾进展得当场景特色鲜明未来感和地域感结合幽默得当可副线角色糟透了多余无用莫名悲壮尤其上海到杭州那段是拍够了又剪废了吗硬塞一堆新角色加乱七八糟的灾难就为衬托姥爷的牺牲结尾世界末日般的大高潮已经足够非得续雕上无反转的狗尾另外除尾曲外配乐也够烂本该三星但为肯定国人科幻电影的巨大突破加一星,2019-02-08,北京,推荐
丸内虐待狂,1.0,还真是宇宙战狼九个编剧合力写了一个半小时的开车戏没有丝毫原则的全球救援,2019-02-05,上海,很差
香水瓶,5.0,爆炸级好看而且很催泪后来在影厅里还听到啜泣声大刘对此片倾注了极大的心血认可度极高这是他作品改编的第一部电影大刘是一座取之不尽用之不竭的宝库我希望这是一个开始刘慈欣科幻电影的开始中国科幻片的新开始为了儿子救地球我也成为母亲有儿子了更能体会那种心情,2019-01-29,北京,力荐
能工巧匠沙门哥,3.0,对我来说基本上全程尿点啊几次看表想知道啥时候结束剧本的文学水平打个零分不过分吧人物全部扁平没有丝毫个人魅力燃点不燃笑点不笑泪点无泪拼尽全力打了个三星一星给刘慈欣的架构一星给视觉奇观一星给所谓的中国科幻元年毕竟是开荒之作鼓励一下吧,2019-02-06,北京,还行
时间之葬,4.0,绝对当得起中国第一部硬科幻的头衔对大刘小说的影像化改编可以说远超想象国产片中极其罕见的具备了庄严的悲剧气质好几个时刻能让人感到人类在宇宙中那种宿命般的悲壮和无力感我们能够与之对抗的只有爱和家庭看好成为春节档冠军,2019-01-20,北京,推荐
*ST-MachineGUN,5.0,讲两点足以打动我第一父子关系愈发怀念我在天国的父亲遇到这种题材的电影都会忍不住泪水第二红色警戒苏联式样的暴力美学也体现了当代基建狂魔的特色数以万计的工程师科学家为了项目日以继日前仆后继不计成本饱和救援的方式我也是其中一员代入感很强,2019-02-07,上海,力荐
妙可中国,4.0,要说是中国科幻的一座里程碑是绝不过誉出色的奇观场面和相应的逻辑推导都是国产片的一次壮举更值得一提的是终于让观众看到了中国城市也能像纽约洛杉矶那样遭殃主旋律当然还是有的但是用更为感性和易于接受的亲情所包装虽然煽情的过犹不及不足之处也很显著比如过分功能化的配角不停靠死亡来推进情节地下城的场景也过于简陋人物塑造失真浅薄但都无碍此片在制作上是一次实在的飞跃,2019-02-05,珠海市,推荐
晚不弯,3.0,流浪地球这部电影本身就像点燃木星计划用视野范围内全部前端资源去推进难产的中国硬科幻质素和内核都可以对标去年的红海行动春节档票房冠军已是囊中之物可以理解大刘为什么认可这部电影它望向太空的眼光和极高的完成度是非常扎实的第一步也可以想象广大观众将用迎接药神的热情去迎接科幻元年毕竟这真的是一部为大年初一量身定制的大片但它只是对科幻片做了一次认真而深入的文献综述用环太平洋的国际框架去囊括银翼杀手美学太空漫游元素星际穿越情感地心引力独立日情节罗列种种熟稔的科幻母题但没有给出足够有价值的表达而在整体趋向灾难片的态势下对情感的渲染是相当聒噪和失败的所以来势汹汹的太空战狼其实只是一个被寄予厚望的组装的健壮婴儿,2019-02-05,北京,还行
徐若风,4.0,超过预期流浪地球的确开启了中国科幻片和灾难片的新纪元无论是在哪一坐标中进行比对流浪地球在概念和执行上都达标了特效技术工整剧作演员所合力营造出了很对的氛围它代表的是华语科幻电影的一个关键转折点从原著角度而言是一个带着孤独感的故事电影采用了小说中的整体设定但故事与人物有了新的创造且塑造了好的主题即对乡土情结的回归和牺牲精神,2019-02-05,杭州市,推荐
逍遥兽,,片子设定牛逼特效管够然鹅朵朵最后呼救那一段我还是感觉到尴尬了,2019-02-10,北京,--
美卡 mecca,2.0,年初一上海华谊中心战狼版白鹤四弟减一星真实地差点吐了,2019-02-05,上海,较差
惘然,3.0,中国科幻电影导演对节奏感情戏的把控力和演员的表演跟不上特效技术的进步啊就像刘慈欣的小说人物和情节塑造也跟不上他的想象力一样演员中表现最好的是杨皓宇就是拔线抽烟的那个人别人的表演都像是演过战狼或者近十年春晚小品似的可看但电影要是结束在撞上木星毁灭那里就好了是的我就是个丧货,2019-02-05,南京市,还行
熊阿姨,4.0,为中国现实折射场景中的黑色幽默打五颗星前面硬刚的地方够坚挺最后讲人物情感和煽情的部分还是泄气了,2019-02-10,北京,推荐
迷特波鲁,2.0,别的都挺好主要是受不了作精兄妹和中二父子这里扣两分对演员都没什么意见故事有但也还特效做得蛮好的但是画面略晃看得有点晕音效不行配音感太强加分减分后只能两星了之前不想参与混战现在看着风声过去了还是回来打个分吧,2019-02-12,上海,较差
大米饭真香,2.0,一颗星给特效制作一颗星给脑洞因为我对剧情细节要求太高了所以扣三颗星,2019-02-24,,较差
夜瞳,3.0,看了一半不想看了那些特效宇宙星球的大场面拍得挺好不过一拍到人就没意思了看这个电影我觉得人活不活死不死无所谓那些人的命运一点也引不起我情感上的共鸣或者波动只有宏大的宇宙让我心潮澎湃所以太阳系存不存在无所谓反正没有了太阳系还有别的系浩瀚的宇宙依然存在至于人存不存在至少看这部片子让我觉得无所谓,2019-02-09,,还行
水王,5.0,视效如此完整的科幻片就值五颗星了有些煽情太多太狗血还有小演员的表演有点不住,2019-02-09,上海,力荐
bookbug,3.0,如果不走煽情路线打分可以高一点因为真正能打动人心的东西从来不需要煽情故事是大刘的灾难元素和拯救情结是几乎所有科幻电影的情法理各行其道秩序井然的价值观冲突是好莱坞的理论内核则是有点经不起推敲的然而对于瞄准国内市场的电影而言已经是成功的了可见人民多么需要科幻中国又多么缺乏科幻不论是土壤还是精神,2019-02-09,北京,还行
shawnj,4.0,苟利地球生死以岂因祸福避趋之对人性还是持积极的态度从而少却了原著的冷静与深刻,2019-02-07,天津市,推荐
南悠一,3.0,带着房子跑又能如何我们自己的科幻片故事背后竟然如此虚无真可谓寒蝉凄切对长亭晚骤雨初歇首先不敢解构权力其次连基本的人性冲突都不敢涉及要靠着煽情和生硬的突发事件做转折,2019-02-05,北京,还行
冰红深蓝,4.0,类似中国版的好莱坞科幻大片双线并进的叙事最后一分钟营救孤胆少年丧失导师父亲后的成长与力挽狂澜凭借爱的力量超越纯理性计算来拯救世界等均是世俗神话标配尽管剧作台词各类尬点常突然浇灭酝酿好的情绪妹妹角色几近多余剪辑电梯戏最为混乱潦草配乐和表演都有许多问题但按我在电影院的观感本片仍然属于值得一看的在套路和尴尬煽情之外有几处情绪仍旧踩到了正确的点荒凉与绝望的氛围甚而胜过了最终大团圆的喜感视觉特效尤其出彩各种科幻电影的影子都汇聚一堂比如太空漫游的银翼杀手似的颓废地下城以及后天式的冰封世界等等或许我们的国产科幻片仍有长长的一段路要走但这片的确带来了些许希望与曙光,2019-02-05,上海,推荐
MsWan,1.0,大刘的想象力确实没的说可惜不够硬核对于天文物理学专业的我研究广义相对论这些剧情属实弟弟,2019-02-05,成都市,很差
pinking。墨白,4.0,人物刻畫不好情感也不入心演技也沒有出眾的地方但是中國科幻片視覺能到這水平我已經太意外了成長需要代價和時間的為每一個重大的進步歡呼,2019-02-06,北京,推荐
峰峰峰峰,3.0,悲观的诗意是大刘科幻最独特的美宏观上理性冷血微观上悲天悯人电影只截取了原著的部分或许是这种宏伟的题材本身就不好驾驭从设定背景和故事切入导演没能找到一种平衡,2019-02-05,绍兴市,还行
老阿飞—故园,4.0,跟看白蛇缘起是一样的心情开心画面质量国际水平成片整体相当完整诚意绝对接收到了如果这是起点那相当高了说是中国科幻电影元年没问题流浪地球的剧本本身没有大问题比较标准的类型片流程最后的多重转折也有颇出人意料的地方很多属于直男的浪漫这里是褒义让人颇心潮澎湃有些问题比如开头进的太快了铺垫还是不太够各种意义上的不够群戏有点失衡配角太多刻画分散导致大多酱油吴孟达这个角色作用也弱了大部分非推进情节的台词都比较弱尤其是朵朵的全球广播那里太口号了有些尴尬这里其实是煽情点要么热血要么走情感应该效果都比现在要好剪辑部分有一些情节点比较乱也有一些但是流浪地球值得分如果这是好莱坞片有分最后说一句打一星的朋友真的有点过分了,2019-02-05,北京,推荐
lu,4.0,可以想见刘慈欣小说里大结构上的每一颗螺钉都可以二维展开为一曲中式小聪明拯救世界的赞歌,2019-02-08,北京,推荐
轻骑兵,3.0,特效做得有多好这剧情就有多让我想吐槽的地球之所以会流浪核心原因是太阳结果这电影里太阳完全没有存在感整个是一出逃离木星的戏,2019-02-05,上海,还行
璐璐,2.0,片子没有特别大的问题但可以有更好的执行方法现在这样拍真的太笨了基本想到哪出是哪出地球上这条线本来在及格线边缘徘徊可惜被毫无节制的煽情段落拖入可怕的滥情深渊地球外悬疑铺垫很棒最后又强行跨到个人英雄主义连带狂煽两条线其实都有很好的深挖空间只是编导错误地把格局做小了另外小说让太空浪漫成为可能形成一股温柔的力量现在只有力量没有温柔这不是好的改编策略,2019-02-06,上海,较差
大时代·歌姬,5.0,请按照这种质量去拍三体,2019-02-08,,力荐
K先生,5.0,若干年后我孙子孙女如果有的话咳咳抱着本新编的华语科幻灾难片史读到一半突然抬头问我爷爷你当年看过这部流浪地球么我可以笑眯眯告诉不仅看过还是全中国第一批看的观众这就是它的意义日后提及华语科幻灾难片史你无法绕过流浪地球甚至它就是那个成功的起点,2019-01-21,,力荐
明安,4.0,真的不错本精神杨威利居然险些要被电影里的集体主义感动到,2019-02-10,,推荐
曹孟德,1.0,我觉得不行科幻片国内还是有待加强,2019-02-05,遵义市,很差
zavert,1.0,强行设置一定要牺牲掉别人的道德困境做出选择牺牲部分利益之后的自我感动大炼钢铁式的科学幻想刻意回避后末世时代的阶级冲突以及一切试图为集权主义正名张目的构思使我无法接受这样一部电影,2019-02-11,,很差
李九弟,4.0,首先要感谢所谓小破球台前幕后七千名工作人员让中国科幻成为可能拍摄时遇到那么大困难没放弃呈现了一部至少合格的作品难道不值得表扬吗特效没话说细节很精致技术层面没毛病节奏也挺成熟的主要问题集中在剧本上一是人物形象过于单薄二是真弄不明白为啥如此执迷于点题式台词生怕观众看不明白双关语最动人的感情从来不必说出口人体撞针这种情节相当中国不管你喜不喜欢流浪地球已经被记入中国电影的历史打破现有市场格局改良市场环境这件事的意义超越了作品本身,2019-02-09,南京市,推荐
晴阳阳,3.0,刘慈欣的点子几乎没用沦为背景摆设可惜剧作超多瑕疵而且太偷懒居然生生在设定里抄出一个剔除科幻内核的星际穿越这主题这立意还能再土一点吗特效厉害也只能算你是灾难片,2019-02-06,北京,还行
江声走,2.0,有没有觉得这个电影的叙事非常不清晰分镜混乱几组人物分头行动时没办法知道谁在干嘛电梯救援一场特别明显剪辑问题太大了节奏和视角切换都很混乱大概念好但真的不要再吹工业啦这样的剪辑和叙事都没有达到工业标准吹吹概念就好了,2019-02-10,上海,较差
sweet1002008,5.0,楼上那位说什么煽动妄想的怕是个外国人吧中国的神话本来就是大禹治水精卫填海夸父追日后羿射日拍个科幻片难道不应该遵循自己的传统文化,2019-02-05,合肥市,力荐
科林,4.0,尚未开春但我预言年底各家媒体盘点一定会把吴京失重飘零的泪水一幕计入年度最美镜头之列,2019-01-29,上海,推荐
扭腰客,2.0,对中国科幻而言是一个好的开始但技术上虽然进步了却依然没有科学精神没有人文素养没有文明悲悯男主在姥爷临死还一口一个老东西真是让人最绝望的教养黑洞,2019-02-13,上海,较差
Sophie  Z,,如果我是编剧的话最后分钟就设定成地球上的人一致要求空间站自我牺牲去救地球然后空间站顺应地面要求自我牺牲了但最终地球还是没有被救成功于是流浪地球计划和火种计划就都失败了人类再见,2019-02-09,,--
不良生,3.0,总想到蜀山传都讲述毁灭与拯救都用视效撩动人心都有吴京,2019-02-08,南京市,还行
三丰SF,5.0,很多镜头一出来就战栗了科幻之魂持续燃烧郭帆导演团队太专业了为中国科幻影视工业树起一根很高的标杆其他不说只说一点这部片里国际化程度和本土融合度处理得刚刚好郭导说的拍本土科幻片最难的是信任问题现在所有人都终于相信中国人是可以做好我们自己的科幻大片的,2019-02-05,,力荐
思郁,4.0,目测即将有一大波中国式土味科幻大片,2019-02-12,郑州市,推荐
子戈,3.0,一匹披着科幻外衣的战狼一场打着地球主义旗号的爱国主义救援行动空有一个科幻设定缺乏该设定下的大量社会生活和人性细节使得该设定成了一种强制概念甚至无异于架空最后的成片其实与科幻无关只是换了模样的限时救援真的没必要吹上天工业上的意义值得肯定那就肯定说是中国的科幻元年还差一步,2019-02-08,北京,还行
玛特,3.0,祖国强大了可以拯救地球让地球走有中国特色道路了,2019-02-05,,还行
SydneyCarton,4.0,一句话不像中国人拍的,2019-02-05,北京,推荐
二狗,3.0,剧本人物行为智障吴京出演三观必恶臭看到反胃想吐特效给三分已经不能再多,2019-02-07,北京,还行
夏日扬帆,3.0,从视觉效果到故事架构都是不错的特别是在科幻这一题材上对于中国电影来说的某种突破只是从我个人观影角度难得有一部电影从男一男二甚至女一都因为类巨婴性格问题让我厌烦所以最后想营造的情感都通通失效了,2019-02-06,长沙市,还行
铎mao猫,4.0,特效简直超乎预期一点没有违和感太空部分的戏也确实只有在顶级好莱坞科幻大片见过第三幕紧张刺激燃点泪点一个不缺然而我内心是真的毫无波动啊好莱坞看太多了影片前三分之二暴露的问题实在是太多节奏失衡剪辑拖后腿角色行为逻辑欠妥整体的故事推进也显得十分平淡只能靠场面和配乐撑本来以为是瑕不掩瑜但那种感觉不得不牵制我一直到高潮最后即使再精彩我的情感已经被稀释得差不多了看得出郭帆导演能力实在有限演员方面能想象表现最好的是吴京和吴孟达吗虽然吴的台词我有点不适应各色配角通通纸片人这点红海真的吊打之两位鲜肉的演技让人不敢恭维不过评论归评论那份认真是非常值得鼓励的希望票房大爆我还想看到更好的国产科幻片啊,2019-02-05,成都市,推荐
王斯王,2.0,流浪地球第一步让世界停转全世界那么多锅如何保证不被海啸淹了成为活火山口坏一半锅地球还能推得动吗全世界那么多科学家没有提前算到地球会被木星吞了要靠技校汽修小弟来点火柴京京来当火星子这爆竹不早该在计划之初就该想好怎么放的吗前两个问题不解决这故事已经不成立了这不是流浪地球分明地球作死指南不如阴谋论得直接一点火种就想让木地相撞靠爆炸波做作空间站的第二次助推京京户口联合救世不就很好吗满当当两小时一个人物都没立住户口因为妈妈死就恨爸爸爸爸牺牲了就不恨了其他人物更不谈了视效是拉上去了当然特别明显的低模还是挺多的基本够看这不是什么中国科幻片元年中国灾难片元年谢谢综上分别说够上星穿了还没接近后天呢,2019-02-08,上海,较差
诸葛若见,4.0,硬科幻的外壳包裹着柔软的中式亲情流浪地球把大刘小说改编的很好空间站父亲情想回家却回不了救援队儿子义终于理解爹的难地下城有种赛博朋克感中国人的内核重土安迁外国人的做法迁移殖民看完有些感动让人代入感强烈,2019-02-05,北京,推荐
南笙,4.0,瑕不掩瑜跟白蛇一样国内技术已经顶尖了但是剧本还是弱项,2019-02-06,,推荐
荒也,2.0,最接受不了的是科幻片最美妙之处是对未知世界想象力的营造而不是人定胜天论的民族情感煽动室内和室外布景和大远景和近景之间的连接突兀让人无法身临其境中国科幻片做成这样已经不容易了的称赞无外乎是在自黑,2019-02-17,,较差
德卡的羊,3.0,给及格是我最大的鼓励了待长评,2019-02-05,成都市,还行
Die Katze,1.0,年看的第一部灾难片强拆主题真种花家国情怀,2019-02-12,,很差
筷喜旺,3.0,我天我都快四十岁了为什么还被这种燃烧一颗星星说再见的梗打动啊不是电影大概是好电影毕竟你让外国人来拍也就这样了估计还拍更糟糕就是通篇太煽情了我自己不喜欢,2019-02-06,,还行
Tuna Bento,5.0,尽管很多瑕疵依然完全对得起五星逻辑你说逻辑那你告诉我星际穿越那个从黑洞还能回来的逻辑是什么逻辑一星原罪就是这电影是中国出品吧对我来说带着地球去逃亡路上朝木星扔了个炮仗超级浪漫好吗看完原著依然觉得电影真的棒在取舍间把内核完整保留还带着少年漫画式的燃真的要吹爆,2019-02-09,上海,力荐
xīn,5.0,幸福蓝海江都佳源店电影中国的事件与时刻正如片尾曲带着地球去流浪化用的不仅是观沧海更是浪淘沙北戴河流浪地球以及刘慈欣和换了人间的历史与豪情有着不可分割的联系会被此片感动或观看的前提之一就是仍愿向中国历经鲜血曲折今天更问题重重的新中国投注希望和热情大可不必通过分割剥离中国与科幻为此片辩护中国电影无需这种辩护,2019-02-05,北京,力荐
更生仔,3.0,毁灭吧赶紧的累了,2019-02-06,南京市,还行
码农白兰度,1.0,沙雕片科学童话化科学都这个阶段了最后还蛮力解决一切和项目快到期上不了线要求加班一个思路情节莫名其妙爱因斯坦不要了牛顿不要了最后伽利略也不要了,2019-02-07,上海,很差
Colin记,1.0,特效是挺棒其他的一塌糊涂剧情就像原著本书一样的不知道讲的什么东西,2019-02-05,,很差
袁长庚,3.0,视觉呈现足够真诚细致足见我们在工业硬实力上终于储备了像样的产能值得肯定编导演都在及格线上下浮动足见我们在软实力方面仍然长路漫漫科幻作为一种独立的文类在于其超拔于日常人类视域和道德有时近乎冷酷的宇宙观用科幻的外壳讲一个被地心引力牢牢箍住的道德故事泄气了想想我们丧失一半的同类蜗居地心飘荡宇宙仍然要穿那么丑的校服打那么乱的麻将过那么疲的春节就想问活着还有什么意思,2019-02-14,上海,还行
飞鸟凉,3.0,地球都你的了随便吧毁灭吧赶紧的累了,2019-02-06,,还行
维雪魂,5.0,加成至五星的确瑕疵是有但大多数时候还是能够被更多的优点所掩盖和弥补不止是艺指和特效超乎预期终于有一部中国科幻电影能够提交出一份撑得起这个类型和制作规模的剧本,2019-01-21,潮州市,力荐
天马星,4.0,尽管走马观花的奇观展示和中国元素的错误运用让人有些尴尬但是整体合格尤其是美术设计达到了科幻灾难片应有的一流水准而更加值得加分的是影片家园与希望的内核在科幻电影越来越沦为超英打架和视效堆砌的今天流浪地球证明一个有想象力的点子是多么难得,2019-02-06,深圳市,推荐
颜落寒,3.0,保持谦虚才有继续进步的空间中国科幻电影天花板已经这么低了或者说根本没有就不要再过分吹嘘和自我满足了还是理性看待这部难得之作比较好,2019-02-05,北京,还行
滕子京,,挺好的灾难片比原著丰富很多不太想打上中国科幻的标签更不希望与此捆绑更希望作为科幻的一种类型脑洞型多拍一点星战钢铁侠那种片少一点,2019-02-06,北京,--
Paco,3.0,歌颂集体但不歌颂集体主义这个核心从韩朵朵成为希望符号引领世界性同心同力而权威明确给予了所有人选择公私的权利起就已经圆满输出了这是我选择拥抱流浪地球最重要的原因在一言难尽的美学和概念杂糅之外这是真正值得骄傲的那份中国特色文本上的这一抹辩证之光无论是对比位于天平两端的红海和战狼还是放眼到新世纪的华语工业创作都是在题材视效之外同样值得珍视且不可忽视的一点吴京的角色如果最后能多一点星际穿越式的知性权衡少一点燃情为先的无畏这层包裹在强国外壳下的修正表意一定会更加完美再说其他基本就都是赘述了认同没什么好黑但也坚决反对黑不得,2019-02-14,深圳市,还行
大海里的针,5.0,牛逼太牛逼了原著的恢宏气势基本保留下来了剧情真的不输那些好莱坞软科幻大片比降临湮灭这样的硬科幻改编也有过之无不及吴京戏份其实不少出钱又出力对国产电影真是大功一件了要说唯一的瑕疵就是那个韩朵朵演技和台词有点尬,2019-02-05,,力荐
六十六个猴,2.0,煽情煽到恶心本来忽略硬伤三星也还是有的,2019-02-08,,较差
柴禾-ChaiHe,1.0,叙事基本没起作用剪辑一团糟中途睡着了,2019-02-08,,很差
王富贵,4.0,要说和好莱坞的科幻大片有啥区别那就是美国人拯救地球都是自己单干而中国则提倡人类命运共同体,2019-02-05,上海,推荐
Dr希鲁鲁克,5.0,十几年前每个月都要跑报刊亭看有没有最新一期的科幻世界如果有刘慈欣三个字那更是非买不可如今看到流浪地球拍成了电影真的是老泪纵横本片质量上乘瑕不掩瑜说开启中国科幻电影元年毫不为过,2019-02-06,,力荐
逃跑的木偶,5.0,电影四星鼓励一星评论区撕的鸡飞狗跳更证明了国内大众科普事业任重道远一帮子民科都不如的人指出科幻设定问题我也是醉了国内需要做科幻的带头人任重道远加油,2019-02-05,滁州市,力荐
lowdive,5.0,看完了终于可以说几句了但我只代表个人的观影体验我给过星际穿越五星湮灭降临和地心引力都给了四颗星那么流浪地球在我这就肯定有四星半电影放映之前还放了阿丽塔和哥斯拉的预告片好莱坞的这些套路我真的受得够够的了为了这个给流浪地球再加半颗星,2019-02-13,,力荐
杨迪,5.0,说实话我有些震撼一开场的地下城我看着就非常有与之前中国电影不一样的感觉还有饱和式营救非常合情合理值得打五星,2019-02-16,,力荐
離塵逸士,1.0,据说打星會招来太空戰狼的亲睐我对刘慈欣打着兜售其整體主义思想实验和恶臭世界观的电影無感,2019-02-06,武汉市,很差
黑狗成,4.0,多处致敬卡朋特和库布里克算小京喜,2019-01-28,上海,推荐
mumudancing,4.0,真的就是没有美国人,2019-02-06,上海,推荐
某猪·坑坑洼洼,5.0,客观讲四星高起点加一星鼓励后来的想蹭热度圈钱的家伙们可要想清楚了,2019-02-06,深圳市,力荐
大佑,,缺點在各種強行煽情處暴露地一覽無餘看完全片印象最深刻的就是親人兩行淚美式英雄個人主義套路與中國思想文化中人定勝天的心態強行結合所形成的正義價值觀真是讓人一言難盡朵朵廣播那一段真是超大敗筆直接假大空煽情班長的話也是夠諷刺的了視效確實很不錯但忽略式剪輯真是拖後腿,2019-02-08,,--
𝔸𝕫𝕖𝕣𝕚𝕝,5.0,刘慈欣同名小说改编末世场景很绝妙的想象力地下都市有如阿西莫夫钢穴的实体化剧情虽显一板一眼包括在煽情与台词上处理的并不完美选角可能也显得不够稳重但整体上说白壁微暇剧情还算有模有样而在特效制作上更是气势恢弘行星发动机的故障冰封都市行军的坎坷太空空间站的异动地球与木星的何去何从也都牵动人心终于等到当代中国电影届拿出一部好莱坞水准的科幻作品了感怀不已,2019-02-07,,力荐
Shelia Liu,3.0,除了特效我还要额外赞美一下片尾动画角色什么的一无是处了,2019-02-10,上海,还行
判官赵,4.0,该说的大家都说了补充几点看硬件和主旨够了还要什么自行车爱球主义和人类命运共同体主旋律没有错吴京没问题吴孟达令人泪目部分台词应该后改过有些幼稚和尴尬细节渲染不够情感上也是红海那套直接死人冲击这一点很大刘很硬很直男最重要的一点不是太空战狼真硬核科幻还是有门槛的所以票房大概率在左右,2019-01-28,北京,推荐
万峰,5.0,月球到哪里去了,2019-02-07,杭州市,力荐
种瓜得瓜,2.0,不鼓励了解决方案跟玩一样中国人不遵守规则的习惯在未来哪怕在地球流浪时都没有任何改变这比人类灭亡还绝望全世界的科学家都不如一个年轻人的灵光一闪抗日神剧都只能靠边一样是撞击对比下普罗米修斯黑人船长撞击工程师飞船那一下哪有那么多废话,2019-02-12,无锡市,较差
臧舟壑,3.0,要不说是科幻片还行要说是科幻片就看乐呵吧人物塑造没一个喜欢的尤其女性太让人失望了都流浪地球年代了女性还是神经质情绪化没溜儿的形象偶尔流露出的一点儿人文价值信息也惨不忍睹为了人类的未来希望空间站慎重考虑招募对象国籍,2019-02-10,北京,还行
有心打扰,4.0,夜空中最亮的星那是吴京第届奥斯卡外语片中国内地申报电影稳了五十六种语言汇成一句话点燃木星牛逼,2019-02-06,泉州市,推荐
五色全味,3.0,建構世界和特效上看得出非常用心然而戲和人物卻都處理得欠佳這麼多人的群戲大多數人的都令人記不住年輕主角的表演更是雪上加霜讓人覺得面目模糊尤其是吳孟達在電梯那場戲非常混亂這部戲的成功在工業上的意義重大可以鼓勵更多相似題材的創作和技術提升但技術並不是一部電影最重要的電影敘事的基礎是戲人物及價值觀我對這個電影的好感在初中生演講和戰狼撞木星後幾乎消失殆盡在宇宙文明這樣普世的命題面前真的沒必要矮化老外和全世界文明獨把中國人塑造成懂得捨生取義的孤膽英雄如果能少一些借家國情懷帶出的煽動提防民族主義的情緒輸出一些真正的價值觀那才是文化自信的表現我想到時中國和中國電影都會變得更好共勉之,2019-02-12,北京,还行
史迁,1.0,仿佛看了一出国产家庭伦理剧从头到尾所有的人都在吵啊闹呀震得耳膜疼演员的演技为零瞪眼睛吼咧嘴皱眉三板斧装傻充愣白痴化编剧逻辑混乱一步一坑台词尴幽尬默丢人现眼水平不够爱国来凑出品方在做情怀绑架在耍流氓友邻们不必去影院看的等下线后如果好奇有会员的去视频网站瞅瞅没会员的就算了不看不可惜的友情避雷,2019-02-12,北京,很差
Concerto43,3.0,从太空灾难类型来看影片是及格的独立日并不比这片强而科幻类型不然好的科幻片需要设置一重或多重悖论来拷问人类现有的思维体系神学哲学伦理学进化论工业征服控制论等无所不包并使我们得到断裂式启发简言之科幻电影应被视作未知世界递来的一张名片让我们在惊悚的揣测中审视自身秩序片尾这种万岁冲锋式举动好莱坞一般用来拯救个人他们背后有上帝凛冽的目光不会越俎代庖,2019-02-10,马鞍山市,还行
David Kong,1.0,整个科学理念都是的人定胜天产物带着整个地球到处走就像这个民族带着五千年的垃圾文化孔孟强盗厚黑污染宇宙而无法自我更新和超越一样,2019-02-09,,很差
Irreversing,1.0,纯为宣发手段修改本来可以在,2019-02-13,北京,很差
神马HD,4.0,子子孙孙无穷匮也而山不加增何苦而不平,2019-02-07,,推荐
孤军独战曼比季,5.0,格局宏大特效用心与美式灾难片想传递的那种一个都不能少的精神相比刘慈欣监制的这部片试图假设在一个异常极端的环境下做出取舍最终的结果是用现在保将来舍大人保小孩舍单个个体以保住整个团队牺牲一个团队以保住整个族群的未来这种情况下就非常依赖这种少数个体的自我选择以及自我奉献英雄主义精神乃至于刘培强那种不惜一切代价的近乎于神风式牺牲精神不然就像刘培强通过舍弃妻子来保住儿子的生存权一样就会遭遇不小的伦理问题对于希望的意义父子代际之间的冲突问题等等这部片子也有所涉及总体说来虽然这部片子传递的味儿很有种东方式集体主义的味道但是没什么社达味,2019-02-05,,力荐
周宗澍,5.0,我去看宇宙战狼了真香携父母去看的虽然后半段人人都嗷嗷喊疯狂煽情实在有点受不了但是很值得再加一星鼓励国产科幻事业这样做的确是顶死冒友邻间政治正确之大不韪的但至少和其他片子一样真的看过之后再打服从观后感受不跟风不双标最重要的是没有收钱所以也没什么见不得人的设定是很浪漫的素质超过预期战狼度低于预期不过里面有很大一截吴京斗的段落完全是致敬照搬宇宙漫游的故事呀这一点太明显太值得商榷了话说我大学的时候就认识个山东济宁的朋友叫结果这里面也有个关在山东济宁监狱里面看的时候就在爆笑简直是大学哥们中间猪年最大的梗了,2019-02-06,北京,力荐
苏美丽Antoine,,不打分了吧怕被喷死但还是那句话当下的中国电影从来不缺资金和技术缺的是电影,2019-02-08,,--
王写写,3.0,跟疯狂的外星人反过来了前面只有展示没有叙事质感很棒转场糟糕交代宏观设定时很有表现力一到具体情节上就不会拍了导致许多场戏显得有些尴尬生硬无聊但是后面点燃发动机的整个段落却越发精彩起来几乎挽救了整部电影总体来说可以看出美术概念设计很给力结尾很有刘慈欣风格基本给国产科幻开了个好头,2019-02-09,北京,还行
山水烟花,4.0,流浪地球的计划浸润的依然是中国人安土重迁的思想结果最终在的检测中仍然选择了飞船派的放弃靠中国人拯救世界的故事充满希望的热血在年味回家的气氛渲染下很难不让人泪目中国的硬科幻里也包裹着柔软的人文内核我觉得作为第一部这片子很好很好勇敢踏出去的不是技术壁垒而是电影人想做大做好做强的决心,2019-01-23,北京,推荐
星辰,5.0,关于剧本改编可以当成是在太阳氦闪背景下的原著姐妹篇剧情和原著大不一样吐槽说感情戏不科幻的盆友我求求你们可别装科幻迷了刘慈欣王晋康乃至国外近代科幻小说家再硬的科幻小说没有人文关怀有个屁的意义虽然改了原著但是这是大刘自己参与的因为原著确实不适合拍成电影我觉得跟风说改编太多的人到底看过几遍原著或者有没有看过说政治正确的一波是个人英雄主义一波说人类命运共同体我觉得他们可以自己撕一撕这四部变形金刚原作里根本没有美国政府啥事银河漫游吗星际穿越不也要一个主角电影嘛不这么拍你当日日剧呢说不够硬的我只想说你给我世界上找任何一部科幻电影我都能给你指出他至少五个不符合科学的地方科幻不是科学吔屎啦雷,2019-02-05,宁波市,力荐
炯之,4.0,开始以为吴京是最没用的那个没想到,2019-02-08,上海,推荐
Evarnold,4.0,流浪地球已经解决的问题解决了国产商业科幻电影的自信心问题由此国产科幻通往投资和市场的大门敞开铲除了刘慈欣这个宝库通往顶级商业运营的障碍减轻了以往类似文本的民族性与国际性非此即彼的尴尬提供了一种大部分国人能理性接受的解决方案国际上能不能接受目前还不重要培养了一支能继续做下去的技术团队基于以上四点流浪地球足以留史功德无量流浪地球还没解决的问题特效与视听语言的结合问题特效会做了也形成了自己的办法和思路接下来要探索怎么引导观众去看画面怎么在视听上做好情绪的收与放宇宙题材不可避免要学会怎么更真实地展现空间与时间近与远的对比大与小的对比宇宙有多可怕人与天斗的精神才有多可贵这两个没解决的问题好莱坞也没多少人能解决哈哈,2019-02-07,上海,推荐
realhele,5.0,神经一样的人说看到影片切出来所以是烂片三问狗为什么中国人或亚裔不能在科幻大片当拯救地球的人是你被美帝文化洗脑还是你种族歧视为什么作为天宫发射国宇航大国我们不能有的空间站为什么我们建立文化自信之初不能给自己打打气人还允许哪怕稍微有点自恋祖国就不可以吗,2019-02-05,深圳市,力荐
LF,5.0,一种苏联式隐喻曾经围绕着的太阳要熄灭了我们必须找到另一个太阳在达到目标之前需要实现一种愚公移山式的世代级牺牲相比原著虽然改动极大只留了设定但还是保留了刘慈欣式的冷战思维和敢叫日月换新天的铁人精神一万年太久只争朝夕啊,2019-02-11,深圳市,力荐
有有,4.0,作为国产科幻片特效啥的让人挺惊艳的就是剧情有点崩希望再接再厉吧,2019-02-05,,推荐
莫陶客,4.0,很意外很好看几乎是全场观众的共识春节稳了就像去年的红海跟大刘坐在同排观影,2019-01-20,北京,推荐
夏奈,4.0,一定要在电影院看的电影看配上好音效非常燃部分特效确实看得出瑕疵但对于中国电影来说无疑是一大进步希望导演的下一部戏不要这么多尴尬的煽情戏尽量不要请吴京了不是因为他又红又专而是因为他真的没什么演技,2019-02-15,,推荐
咸鱼撵死猫,3.0,气势恢宏特效很棒这种体量的国产科幻题材值得鼓励但这并不是什么标榜或者崛起之类的这就是我们的一个新起点希望中国电影越来越好希望豆瓣也趋于正常不要搅浑了这一片净土,2019-02-11,哈尔滨市,还行
darkcat,4.0,大概只有中国人会想拖着地球一起走带着家园而不是选择抛弃它,2019-02-08,,推荐
太常寺协律郎,,不敢打分了看的效果超赞尤其是最后冲击波回来的时候椅子乱动狂喷气还有撞击背部非常爽但就是不要吃东西疼,2019-02-10,,--
喵咪戴戒指,5.0,打一星的是什么心理搞不懂反正我得打个五星平衡下虽然被妹子请求其他救援车帮助的时候发表的那个演讲尴尬到了以及其他一些有的没的煽情但还是觉得很棒啊场面很恢宏概念也很新也并不是一味地宣扬中国的力量最后还是靠全人类的努力觉得值得鼓励吧,2019-02-06,南京市,力荐
白关,2.0,一开始就猜到了结局有女主角但是没啥用故意煽情逻辑硬伤没什么镜头都没切好从头硬到底没节奏这些烂片的元素全占了还别提什么价值观撑死就是弟子规那一套,2019-02-07,北京,较差
Favillae,3.0,一部普通末世灾难片毫无悲剧感无论杭州地下城被岩浆吞没的万人还是留在地表被牺牲的亿人都只是宏大叙事下苍白的数字背景为主角一家做陪衬的包括所有配角都仅止于陪衬场景还过得去但是人物基本毫无亮点乏善可陈让我印象最好的是被坑了的姥爷这也秉承了大刘小说的特色主角兄妹里的哥哥让我想一脚踹死为啥这种片让个中二病熊孩子当主角啊你哪怕让个类似章北海的上啊妹妹的作用大概就是让她在最后的全球广播频道里念一篇幼稚尬煽让人捂脸的小学生命题作文还有那个一声不吭打爆火石的女队员完全是三体里女性角色的代表啊最大的毛病就是乡土味煽情泛滥了最后作为贺岁片我带我娘去看了看完后我娘说不好看,2019-02-05,,还行
汝就做吾的犬吧,5.0,想多给一星虽然挺多地方是套的公式化模板但还是希望中国的科幻电影起码这一次可以活下来不说什么走向国际也不说潮流旋律这些东西至少在这部电影里所有人都是在认真演认真导认真拍摄认真准备道具认真制作特效这种态度上的端正是可以看见的请务必坚持下去,2019-02-12,无锡市,力荐
SELVEN,3.0,把电影分国产和非国产来营销和评价本就不合适对观众来说只有合格的类型片和不合格的类型片而作为一部太空科幻类型片我认为流浪地球的制作是合格的至于剧情制定一个多年多步骤完成的大计划然后先牺牲掉一部分人之后再消灭掉一部分最后谁也不知道这计划最终会不会实现是不是听起来挺熟悉的呢,2019-02-05,北京,还行
王·萨格尔·墨,1.0,全程都有一种战狼的感觉主要是尴尬又实现了一个中国梦,2019-02-05,北京,很差
拧发条猫,5.0,万达刘慈欣亲友场超前观影会需要平复一下激动的心情整理好想说的话因为想说的太多太多迟一些吧简而言之就是我要吹爆流浪地球我不是科幻粉甚至也不是大刘粉但是看流浪地球的时候一直在想卧槽我特么终于可以拍着胸脯摸着良心让亲朋好友们去看因为这部电影真的太特么牛逼了特别特别稳重新定义中国大片重新定义中国电影工业水准中国科幻电影第一炮绝对可以打响了郭帆导演成了向参与过流浪地球创作过程的全体人员致敬所有人都在经历中国科幻和中国电影的里程碑,2019-01-20,北京,力荐
所有团的团长,3.0,特效不错剧情和节奏差强人意情绪调动我觉得还不如战狼努力和突破值得赞美但是没必要过誉和捧杀千万不要带着星际穿越的期待去看片子请调低期待更别说和星际比就是非蠢即坏既然是相对放开的市场为什么不能比我劝你善良我希望观众能为浩瀚宇宙而流泪而不是刻意煽情,2019-01-27,北京,还行
九个妖,2.0,呈现特别乱跟原著关系不大算是以原著为历史背景吧硬煽硬要死人肯定会哭哭完觉得油其实觉得看原著足够了画面是看得出很用心就是有一种硬来的感还有挥之不去的游戏画面般的平庸感但是画面这种东西又很神奇他让你特直观的连接到如此宏大计划的现实层面即便它呈现的不行但你仿佛站在绿巨人的肩膀上又多看了一点这可能是我能给出的最好的评价了两千五百年的愚公移山所必然经历的不坚定和可能的极权时代等等细节也没有体现最开始抽签迁居地下城桥段所可能引起的不安定也没有展开为背景一切还都只是符号的样子,2019-02-05,上海,较差
幸免失学荒堂,4.0,加了一星作为爆米花片算好看归功于导演和特效原著没看不评价科学问题不谈价值观嘛纯从后果主义的角度看问题也过得去煽情虽浓也算合乎情理吴京演技撑不起来是硬伤台词算努力了但是说服当局谈作为父亲在大喇叭里我是初中生实在尴尬致敬太空漫游那段不如不要库布里克讨论了工具理性和价值的冲突到这儿变成老子就不理智你能咋地创造奇迹靠的是横竖一死不如赌了舍身炸碉堡这本身都没毛病但是说好的科幻呢早知道算出来的结果是凉凉先忽悠所有人做无用功到点儿哄大家安乐死最后干脆甩手都看你的了建议通通弹劾不过总体来说值票钱,2019-02-06,,推荐
xiaohanyu,5.0,难以置信难以置信国产科幻片也能有如此水准相当赞道路千万条安全第一条行车不规范亲人两行泪大亮,2019-02-07,,力荐
荔枝超人,3.0,当然自己很清楚自己不喜欢这个片的哪些点不过也没什么好讲的一部电影能引起这么大的社会效应写个服字就好了,2019-02-13,,还行
思路乐,5.0,我觉得在可能的情况下这部流浪地球很有可能就是年最佳商业大片了在国内电影环境有限的条件下郭帆和他的团队做到了最好无论是特效场面道具细节还是素材的搭配度电影配乐和情绪把握都在中国工业电影环境下达到了一个极高的水准但仍然具有许多国产电影所有的通病故事节奏把控不佳一到多线救援剪辑就变得细碎人物表演欠缺火候削弱了很多煽情点的力量以及煽情过度的毛病这个还是看个人口味但仍然胜过同类型国产电影好几条街这么说吧这部电影绝对是建国以来第一部大制作高水准且具备较为完整的世界观架构的科幻大片而且本片对于国产电影未来的启示与发展的意义更是远胜于它的市场意义冲着这一点我可以给流浪地球和不断前进的中国电影人打出饱含敬意的一个五星评价祝中国科幻好运,2019-02-05,南平市,力荐
王大盆,2.0,看的我脑仁疼二星给视觉特效其余真的一塌糊涂了实际上在视觉特效在爽爽爽之余全片像是舞台剧一样很多镜头都像是发生在舞台上而不是现实世界里的感觉,2019-02-09,上海,较差
末摘花,4.0,今年春节的电影优秀的没有这部还算不错吧,2019-02-06,福州市,推荐
字母君,2.0,大家对它的评价戾气略重所以看的时候想尽量帮它找些优点但失败了同声传译这种细节很好但导演拍灾难片连基本功都没过关人物无视轴线满空间乱飞都是不受时空限制的超能力者开场追逐戏无比简单却连基本的空间关系都确立不来电梯井和炸木星两场的调度剪辑是灾难级的前者轴线之错乱成功把我看到晕车重场戏处理很儿戏炸木星段冗长无比却把所有人物情感和问题解决过程都避而不拍的平行剪辑也太糊弄人了明显为压缩时长而做的台词画外处理也只起了反效果剧本问题同样严重毫无情感基础情绪全靠台词和耳熟到能比电影提早哼出原曲的配乐硬煽台词在表演的搭配下则显得更加差劲评估一下水准的话大概是设定特效好莱坞二流水准配乐因为是抄的不入流水准剧本台词写作表演情感导演调度剪辑吧,2019-02-10,长沙市,较差
康报虹,3.0,刘慈欣的原著无疑是大气磅礴的他有意弱化个人情感从而将整个人类族群放置于激荡的历史长河中电影则不是在最大程度还原刘慈欣笔下一个又一个恢弘场景的基础上本片着眼于流浪中的一家三代更注重人的非理性抉择与情感联系也将更多的笔墨用于刻画个人英雄主义在集体智慧中所能发挥的作用侧重点不同作品中所流露出的浪漫主义情怀却是一脉相承的尤其在两星交会时此刻人类的孤独在绝美的宇宙面前显露无疑我们能从流浪地球中看到许多经典电影的影子与此同时本片又明显不同于这些舶来品中国科幻电影的空白与对类型电影的本土化改造让流浪地球显得独树一帜在市场的肯定下我希望能有越来越多的中式科幻电影出现在大众视野到那时我们才能说流浪地球开启了中国科幻电影元年,2019-02-07,西安市,还行
楊不歡,4.0,流浪地球看之前國內要拍科幻別毀啊有吳京太空戰狼看之後真香一細想台詞情節剪輯人物煽情都有硬傷但還是覺得挺好看真香,2019-02-05,,推荐
赵启辰,4.0,特效和美术满分国片能做到这样骄傲自豪振奋问题出在一些场面戏的场景连接和镜头有点跳虽然观众会脑补但是也需要反应一下才知道发生了什么更关键的是对于人物情感的处理原著中的一个亮点是在流浪地球社会人类的情感因为这种共同面对全球危机的格局发生了改变而此片中人物的情感还是基于和平的现实世界建构的如果在这个层面做得更高级就更棒了,2019-02-09,,推荐
洗浄機,5.0,约等于基本上中国电影的套路都避免了甚至还都是反套路也没有出现什么不正常的场面人物牺牲的片段都挺真实的不刻意也没有过度渲染就是有些紧急片段能不能别说废话别太煽情啊还有那些只要电影一带有大国情怀国产标签就低分儿预订的人你他妈人在中国看的中国电影装什么世界级鉴赏师呢就你牛逼就你懂电影就你看科幻片儿吃里扒外的家伙而且哪里战狼了既没有个人英雄主义这电影他妈讲的是团队啊饱和式救援和集体主义这个设定居然还有人喷欧美灾难片才是比较偏向个人主义啊这部不仅中国人没有扮演单独英雄电影还已经弱化了国家的概念上升到整个文明的高度了啊也很真实啊朋友们,2019-02-06,,力荐
VeryGZ,3.0,对科幻的理解还停留在堆砌动作奇观场面上这一点和去年同为春节档的红海行动如出一辙即喂饱未成熟电影市场观众的眼睛为第一要务区别于美式个人英雄主义而是刻有中国特色集体主义烙印的一次胜利创作思路暴露无遗照搬太空奥德赛哈尔叛变地心引力惊悚和后天灾难情节尬死人好在全片未有过分宣扬国威至少知道节制话说回来尽管是好莱坞年代科幻工业水准但中国诞生了一部真正意义上的科幻电影还是可喜可贺科幻奥义人性哲学缺失不求苛责倒是给差评就引来一批党同伐异扣帽批斗的民族主义分子围攻挺意外有政治诉求的军事电影还可以理解科幻片嘛非常值得警惕我这种小透明不知会不会收到来自华为手机的辱骂豆邮卢米埃芳草地,2019-02-06,常德市,还行
蓝调共和,5.0,看了在休斯顿首场的流浪地球版有刘慈欣的原著和不俗的特效片子拍得气势恢宏扣人心弦激动人心难得看到国内拍摄的科幻电影非常值得一看我打分,2019-02-06,,力荐
胤祥,4.0,柏林和间隙终于补上了实话说原著党表示不太喜欢剧作片子充其量也只能算是流浪地球选段吧就电影而言做成少年向是非常对的郭帆的青春片底子用上了找的视觉参考其实是环太而同时又致敬了太空漫游也是很不错的但是剧作还是有问题的就影片而言却是值得一吹四星妥妥的但是场外因素实在令人不爽尤其外交部和宣宣介入之后这个事情的性质已经变了从这个角度回到文本倒是能看出一件趣事为什么只有中国人才能救地球因为社会组织方式啊所以影片里面令人绝望的未来与当下中国社会形态的高度近似感本身是有着明确意识形态指向的,2019-02-22,北京,推荐
飞行官,4.0,整体来讲流浪地球可以的很可以还有很多国产电影你横向对比着看感觉只有五六十分七十分顶天了但你也要知道咱们这儿得从负两百分算起是一分一分加上来的这不容易很不容易,2019-02-07,北京,推荐
吃胶片的考拉,4.0,缺点和优点一样多除了越往后越离谱的剧情合理性过度借鉴的配乐和设计最烦的还是三番五次得用台词和音乐煽情这些缺点让你时不时翻个白眼但又会继续看下去因为电影整体的完成度足够高冲突不断升级叙事节奏恰好又不失细节设计这些错误就像是故意犯下的因为不这么瞎编这部电影根本拍不出来最后呈现的是一部不够严谨的好莱坞式的灾难大片就像是地基千疮百孔地面上却华丽至极的大厦所有人都为之侧目但却十分危险,2019-02-07,北京,推荐
GQismyname,5.0,一个没有修过长城的民族是想象不到把地球开走的操作的有没有瑕疵有是不是完美不是但是我就是要给五分我就是要给好评我就是赞因为这是一部吃螃蟹的电影而且螃蟹好吃,2019-02-06,深圳市,力荐
小波福娃,3.0,想吐槽的地方很多但其实算是春节档里不多的想正面肯定一下的一部片了一些地方很有诚意没想到里面的吴京不是最讨厌的而且他最后爆炸了可以给个不吹不黑中正平和的三星好评了,2019-02-08,,还行
张春[阿卡纳],4.0,还是不错的设定特效画面其实所有的类型故事都缺中国背景所以能在灾难片里看到东方明珠和大裤衩是很开心的试问谁不想看自己熟悉的东西出现末日景象倒塌的纽约和旧金山多羡慕人啊光这个就值了另外也希望票房大卖这部能赚钱的话就能看到更多的中国科幻电影了吧,2019-02-05,,推荐
A-sun*,4.0,给岁月以文明给文明以岁月,2019-02-05,广州市,推荐
沧海一小生,2.0,对新技术的探索精神值得鼓励应该看到我们的努力对国人情怀的把握也比较精准这个有些滑头了其他了了,2019-02-08,承德市,较差
曼靑,5.0,那些说不好看的人摄像机给你你来拍真想让那些拍个小妖怪动画片和三流情感小剧场都要弄个的人来看一看这才是电影应该有的样子作为一个从初中物理就开始不及格的人来说我看了两遍原著依然没有看懂但是电影我看得很入戏虽然电影做了很多的情节改动但是具象化的表达方式填补了我的想象空白电影里最喜欢的一段是韩子昂在氧气耗尽前回忆起自己过往的一生没有想起金钱名誉和权力他想起的是十四年前地球停止自转的第七天他在海啸中救起了一个劫后余生的女婴他收养了她给她取名韩朵朵这是他故去女儿的名字人在生命的最后一刻往往会怀念起一生最珍贵的东西,2019-02-06,,力荐
灌水机,4.0,这部电影最厉害的地方就是最后拯救地球的戏份太过热血京京的亲情戏码太过感人所以我完全忘记了中间的徒劳的火石转移剧情有多么多么屎最后还是给它打了分可见只要开头开好了结尾收好了中间瞎几把演的都会被人忘记的,2019-02-05,,推荐
Avril Lavigne,2.0,尬死了这是个屁的硬科幻另一个愚公移山的故事罢了有个评论说的好这种愚公移山精卫填海的故事只有中国人会想得出来但是太脱离实际了也不行吧真当万有引力是吃素的,2019-02-07,,较差
Mamula,5.0,给星际穿越这种软科幻三星以上的人不配给这部片三星以下看之前比较了豆瓣评分和友邻评分期待值理性定位在以上明日边缘以下如果有对我胃口的点可能比得上环太平洋的视效和星际迷航的冒险内核没想到看完两个点都戳了前五分钟的格局和呈现方式完全满足了我对大刘科幻的期待以至于担心后面会跟不上整个看下来即使后面最套路的部分也至少维持了好莱坞顶级商业片的节奏和特效水平只有新广播和下坠三段有槽点全片重金属车间审美加中国特色正中我下怀完美呈现大刘无限接近现实世界的风格加上隐含的英特纳雄耐尔一定要实现的中二连明明一直是弱项的人物居然都完全不拖后腿失重的眼泪戳中这辈子看电影第一次泪点剧本包袱对仗工整唯一的线头是那一站被扔下的宇航员喜欢如懿的俩演员祝福大刘从此被钱砸晕,2019-02-10,,力荐
加州站街男孩,2.0,全程辱骂那个户口和朵朵兄妹怎么这两还不赶紧死,2019-02-12,上海,较差
苇间疯,5.0,家都没了的话还过什么年很中国先用硬科幻概念顶级特效与适度煽情把热度带起来这一步无可厚非希望未来的中国电影将目光聚焦至科幻作品的暗面比如地球上那一半无法进入地下城避难的人类的命运,2019-02-08,上海,力荐
我是大皮哥,4.0,顿爷坦叔金哥咱们阿弥还得陀佛,2019-02-06,,推荐
zeeko,4.0,时至今日我们好歹有了这么部影片可以让整天被宫斗玄幻以及各种神剧裹挟的人们能想着抬起头来向尘世之外瞥上一眼,2019-02-14,,推荐
架构师,2.0,富力海珠城场车子发动的时候座位都跟着震动震感相当到位影片评价全面照搬美国灾难大片模式我们从小看着后天变形金刚这些美国大片长大对其中所有的剧情套路人物配置都早已熟悉这种电影真的不用看都知道接下来的情节走向但对于我们的孩子来说他们最早接触到的是中国国产的大片让国产电影成为孩子的电影启蒙这个重任交给流浪地球是完全称职的视觉效果相当震撼气势宏大作为一部合家欢大团圆风格的电影质量非常高相信中国有了属于自己的一流的合家欢科幻片以后也会慢慢出现更黑暗风格的科幻片当然绝对不会是这一部,2019-02-05,,较差
拐子流星锤,4.0,这是一部神奇的电影纵然处处有好莱坞套路但仍掩盖不住一种喷薄而出的革命年代的激情这种境界往往只出现在毛主席诗词里正是神都有事时五洲震荡风雷激铜铁炉中翻火焰已是悬崖百丈冰天欲堕赖以拄其间为有牺牲多壮志敢教日月换新天一万年太久只争朝夕雄关漫道真如铁而今迈步从头越萧瑟秋风今又是换了人间问苍茫大地谁主沉浮姆们姆们姆们,2019-02-09,济宁市,推荐
哈利·波菜,3.0,流浪地球确实是一部完成度相对较高的华语科幻电影抛开故事表演之外它的技术细节还是有提升空间它关键场景的音乐甚至可以说的上是直接抄袭音乐从配器构思发展甚至旋律线都一样可以用木耳精确到黑暗骑士崛起地心引力钢铁之躯和星际穿越这些经典科幻作品的某些具体场景音乐但这些被抄袭的音乐从创作上来讲除了情绪上的匹配所有的客观写作思路都是不符合流浪地球的使用场景的所以从音乐角度上我对这部被誉为华语科幻元年的代表作品表示遗憾,2019-02-07,武汉市,还行
格俐玛,4.0,灾难公路片最惊艳的部分点燃木星推动地球这种坐地日行八万里的想象力让人想起毛泽东诗词大刘确实继承了年代的思想遗产他的集体主义信念与当下中国的个人主义原子化生存发生了冲突因此争论焦点并不是什么舍生取义或中国家庭观而是基于中国当代史的断裂女中学生的独白太尬,2019-02-12,北京,推荐
paracelsus,1.0,有中国特色的科幻片大概是一部科幻片能达到的最失败的境界另外基本没表现出大刘科幻作品的优点缺点倒是暴露无遗,2019-02-08,上海,很差
goarale,2.0,情节和逻辑说不通的地方太多了对话基本靠吼最可怕的是个人情绪决定世界命运我可不想把命交到这些人手中,2019-02-06,,较差
丧彪,2.0,原著流浪计划的设定特别好可以支撑一个电影系列吧可惜电影编剧不但没有让这个设定有足够的细化和延展那些土法炼钢的情节关键时刻拿人性情感搪塞的办法既反科学又反幻想甚至在精神上是反原著的虽然电影真的并不战狼但中国的科幻元年碰上了战狼时代自然在商业上火花四溅可是看了这篇文章科幻元年的悲壮感就顿时烟消云散工业上算合格吧但最后一场戏王磊和韩朵朵在备用电梯发生了什么连镜头都没有是明显的剪辑事故或许创作者确实非常不容易面对差评当然会有委屈可是既然你们选择了空手套战狼分得了粉红经济的红利就理应承担这样的舆论风险吧,2019-02-11,西安市,较差
书鬼,,剧作对情感处理尬得人浑身不舒服剪辑混乱剧情生硬部分角色可有可无整场下来电影院有开着手机外放看视频的有打王者农药的场景诡谲不如原著不如原著不如原著,2019-02-08,北京,--
丹鲨,5.0,谁都知道其实并没到满分水准可我们终于拍出一部合格科幻大片那就果断五星促发展求更多,2019-02-06,,力荐
肚脐好甜喔💫,2.0,好难看真的好难看引起全身不适的难看多一星给屈楚萧屈楚萧的颜真的很可以泪点完全没有感受到因为强硬设定的泪点会很假人物性格扁平动机奇怪每个人都很假大空最后来了一段学生作文朗读对着全世界呼唤爱有一种林妙可给我一样鸡皮疙瘩真的不能因为什么中国第一部科幻电影啥啥的蒙蔽双眼好多粗糙场景地下城城乡结合部要的就是土,2019-02-07,,较差
aolitttttttt,3.0,感觉是灾难片不是科幻片科幻内容比较少,2019-02-13,北京,还行
贺兰迈克,5.0,第一让吴京上感情戏确实太勉强然而你说集体主义情怀毒奶可以说家庭纠纷格局狭隘可以说伪硬科剧情走向忽软忽硬也可以说演技掉线煽情尴尬也成但这玩意你叫太空战狼太空戏一共不到分钟就太空战狼了你们看电影了吗讲个笑话同样把原著改的面目全非火星救援能这片子却还好意思说不能因为国产就放低标准双标党歧视中国电影的嘴脸还能再道貌岸然点不,2019-02-08,锦州市,力荐
神的奈川冲浪里,4.0,有很多的不足但确实大大超出预期于是这就成了一部我想把这些不足按下不表的电影流浪地球这个名字和意象还挺浪漫的看完让人很怜爱我们的地球,2019-02-06,,推荐
老狗,4.0,除开那些略显拖沓的套路言情剧情此片无论是主题意旨格局概念逻辑细节还是场景美术特效这种末世大灾难人类存亡宇宙史诗般的磅礴想象力说是国产科幻新的里程碑一点也不为过,2019-02-07,上海,推荐
Virgil,3.0,过年了决定宽容点主要是我对科幻作品没有任何预期也就谈不上符不符合预期什么的了没有爱情戏使人通体舒爽,2019-02-05,,还行
西凉虫,2.0,特效确实里程碑式的科幻作品但这个故事除了流浪地球这个设定跟原著一样其他都是原创了一看就是闯关打怪的设定一些配角你瞄一眼就知道谁要被套路牺牲了我真的很反感这种过度煽情台词都很差很愚蠢女主最后鼓动增援的发言真的炸毫无感染力如果以好莱坞标准出品的电影这电影十分的话也最多六分了,2019-02-05,,较差
wlx09405101,5.0,说这片子不完美有缺点剧情上有年轻演员表演上还很稚嫩我都认同但是打一星的很明显已经不是因为这些原因了如果你对于一部电影在看之前就决定了去打一星那么评分又有什么意义,2019-02-05,,力荐
sunfield,3.0,燃是够燃了但是不够硬譬如说为色摸全球科学家推算成功率为的方案主角们拍两下脑袋就能成功了为色摸留空间站还是救地球的取舍可以由一个人做决定为色摸连地面自动驾驶都不能实现的时代空间站可以交给控制不要告诉我这只是为了致敬库布里克嗯这也许是中国近十年来最好的科幻电影但是还远不足以还原大刘的故事啊,2019-02-05,上海,还行
殇潮|Enigma,3.0,三星半所有技能点都加在视觉上了吧,2019-02-06,杭州市,还行
H2O.,5.0,帅炸了啊不过这么好的题材这么好的故事这么好的视觉他妹选个啥啊一说话就出戏,2019-02-07,重庆市,力荐
魏晓波,2.0,所有说明性的信息都要通过人说出来这也太低端了看到一个什么东西马上让人说一下这是个什么什么多高多长遇到一个什么危险找人说前面是什么危险人物之间的关系也都是我不用你关心我这种对白假如这些都能原谅圆球方向盘是怎么回事能用吗还什么科幻元年硬核荒谬,2019-02-09,长沙市,较差
Alan,2.0,如果这部电影成为中国科幻电影所谓的新纪元那么中国科幻电影真的是前路渺茫,2019-02-08,上海,较差
T.V.Zoe ி,4.0,觉得出乎意料的是音乐做的也还不错有致敬经典的味道是诚恳的视觉效果整体质感很好可惜我最讨厌声画不对位差还是差在演技和喊口号吧,2019-02-07,上海,推荐
陈长囧,5.0,我觉得和刘慈欣没啥关系了他才不这么主旋律呢但是还是挺好看了宇宙部分特效挺好的地面略网游动画风可能太难做了很多惊险场面依靠剪辑没有把最紧张的部分拍好但不容易了鼓励一下,2019-02-09,齐齐哈尔市,力荐
斯  琰,3.0,色香味都的年节大菜但吃到最后觉得油盐太重既腻又齁产业意义高于其他所有价值在这一点上与它并提的的确应该是药神京味重到无法忽视的地步而这个角色到最后又还真是非他莫属的感觉飞上太空战狼依旧是战狼家国永驻心间一己之躯逆天改命,2019-02-07,长沙市,还行
Lirwe,5.0,只有中国人会想到带着家一起走,2019-02-05,北京,力荐
陆冠均,5.0,中国科幻元年是指我们可以从这里开始,2019-02-07,杭州市,力荐
momoko酱,4.0,几乎不看的我跟着原著粉看美滋滋全程卧槽国产硬核就是初中生卖惨广播太尬了,2019-02-08,,推荐
岩井俊七,3.0,荒诞科幻灾难动作片静候天体物理学家忍不住跳出来改当影评人专业吐槽对国产片和对自家小孩一样无条件溺爱无助于他的真正进步与成长试问哪个影迷会不希望国产电影扬眉吐气没有的借鉴致敬多有缺点有不足本来都好说都不是大问题但若功利性目的性过强失去一部电影的真心这比失去它的艺术技术更糟糕只会令人尬意连连编剧把什么都往大里说怕是对电影的影像世界的恢弘壮阔的定义有什么误解,2019-02-05,上海,还行
阅微草堂,5.0,一个人拯救世界那是年少轻狂前赴后继的组团救世界那才是成年人干的事,2019-02-06,南京市,力荐
如小果,5.0,在上一部号称中国科幻元年的电影蒸发太平洋把我吓得不轻以后看到这部的宣传着实让我十分警惕没想到在美国电影界已经集体拯救过世界以后中国电影界终于可以自己拯救世界了,2019-02-07,北京,力荐
RS,2.0,似乎很多人的给星点都在于原作太空场景的具像化然而这片内核和原作完全相反原作中联邦为了文明延续的希望坚守了信念本片为了临时拍脑袋的理论上不可能完成的任务毁掉可能性高的而且看上去是唯一的保存计划说到底并没有真正在乎文明延不延续其实另外一条路也可以就是无论人类灭不灭都无所谓因为人类文明消失对宇宙根本不算个事儿但片子也不是这个思路啊另外太空漫游都在看着你看了全频道阻塞发现某些我原来理解扭曲原作的地方其实不是扭曲是我对大刘的认识不够了补一颗星,2019-02-07,,较差
王嚎狛,1.0,许多人好像分不太清楚值得鼓励与实际质量根本没有一丝一毫的关系流浪地球值得鼓励值得渴望作者电影也能得到主流市场认可的下一代电影人们的鼓励值得渴望有好作品可以看的观众群体的鼓励也值得有心做好中国电影市场的制片人电影厂投资人的鼓励但是我们的更广大的观众们需要明白的是这些所有的值得鼓励跟流浪地球这部电影好不好没有一丁点关系事实就是这部除了愚蠢到令人瞠目结舌的表演和台词混乱不堪的剪辑模糊且毫无必要的人物角色塑造及其近乎全无的逻辑关系是自己原创的之外其余所有制作呈现环节都来自于我们大言不惭地自以为已经赶上甚至超过的西方科幻片的电影是一部不折不扣的商业烂片清醒一点吧,2019-02-11,重庆市,很差
希夷子,4.0,比较像加料加量版的钢铁苍穹救援镜头太多太晃了有点眼晕快结束的时候我在想一个童年生活在消费社会下的人进入流浪地球模式后的感受大概类似于出生在清末的中国人当你觉得情况已经很坏的时候它还可以更坏微笑,2019-02-10,南京市,推荐
元首特价大酬宾,3.0,毁灭吧赶紧的累了不想听你们看星星看爸爸了,2019-02-09,南京市,还行
SleepWalker,4.0,是灾难片也是科幻片二者并不矛盾而且还真不是国版星际穿越更像前者与后天的混合它确实是带着自己的使命来的并且存在的意义必然大于它作为电影贡献的价值人物行为有点不合逻辑剪辑和配音也看得捉急但叙事脉络还算清晰末世场景的呈现也算恢宏父子情的铺垫不够所以即使最后都煽成那样了带给我的冲击还是不如吴孟达那里大屈楚萧的表演简直灾难现场甚至不如隋好好跟赵今麦取取经吧,2019-02-05,北京,推荐
马掰掰,3.0,工业制作水准真的还不错特效场面非常宏伟但仅仅只是视觉上很爽这种宏大叙事依然是老旧的老旧体现在观念上比如角色塑造人物扁平缺乏复杂性情感表达生硬细节刻意英雄是刻板的英雄制作的工业水准可以用钱实现情感的东西却很难吴京开着空间站准备引爆的过程没有半点挣扎起码要更悲壮更无可奈何一些这种两难时刻空间站上运载着火种那么多条人命为了实现地球推进准备牺牲电影居然仅仅停留在父子之间的生离死别这种煽情很吓人宏大叙事不仅仅是场面宏大更是宏大的命运与超越的生命体验这也是科幻电影会让人觉得无比浪漫的原因当然如果这仅仅是中国科幻电影的开篇那我们为什么不继续抱有期待,2019-02-12,上海,还行
513tattoo,1.0,这就是中国媒体盛赞的中国硬科幻开山之作主角兄妹尤其哥哥的人物塑造非常糟糕台词差性格讨人厌所有角色脸谱化废戏简直太多了一个中国军人自作主张的引爆装载着地球文明全部火种的空间站去协助执行一个一开始被以色列评估成功几率为的计划然后突然就又成功了这种中国式英雄主义比美国的好不到哪儿去除了特效其他负分,2019-02-10,长沙市,很差
PomBom,3.0,视效可以节奏不行人物也单薄了点但是最让人惊喜的是诸多细节硬且自然,2019-02-06,上海,还行
三千岁,2.0,伪科幻烂情节太空的构想至少在物理的层面欠推敲高度虚假的集体幻想被具体安放在了一家三代人身上布景凌乱缺乏想象力的平庸作品拯救地球的宏大使命与虚伪的集体荣誉感不谋而合赌的是当下漂浮的心态如此看来地球剧组赢了表达上面最终落地于世俗的价值观普世的情怀显然是东方式的伦理语境客套的剧情推移显然是对科幻的玩笑凌驾于任何现实情境上面的臆想都应值得尊重而然流浪地球的异端无法安放来自每一个个体纯洁的幻想流浪是个好名字可惜了我只看到放荡,2019-02-11,银川市,较差
王强尼乐百事,2.0,全片就很尬剧情发展和突然的煽情整个尬到最后人物设定也很奇怪全片找不到任何一个爆满的人物科学设定多的数不过来,2019-02-08,杭州市,较差
色烈芬_,4.0,意义重大又精彩有余一打破了广电之前不允许出现毁坏国内地标性建筑场景的框架冰封的上海岩浆的杭州有种破坏的美感二如此高质量的特效和爆棚想象力转向发射器啊地下城啊等这史无前例的硬实力足以出手去硬碰好莱坞三没有流量小生在不被看好的情况下靠一个配角吴京拿出钱来投资这啪啪啪打脸某些投资商有点爽如果可以把朵朵广播以及刘培强对联合政府说的两段话再组织下语言再煽情一点就更好了你们可以留意了一下开头龙标下方的数字流浪地球是广电年过审的第一场电影在主打欢乐轻松搞笑的春节档广电让它成为了第一不言而喻不言而喻啊各位,2019-02-08,中山市,推荐
编号223,3.0,来凑凑热评大年初一看的流浪地球中国制造的科幻大片值得一赞基本上完整地讲述了整个故事大框架没有什么的硬伤科幻特效有一定国际水准了不足的是人物刻画浅薄了演技尴尬很多画面细节剪辑显潦草过渡粗糙过于抒情的配音也让人跳戏,2019-02-06,北京,还行
陈四泥,3.0,我身上有一个叫我可以的小本子看完这部片子以后上面添上了屈楚萧的名字,2019-02-07,,还行
嚴圖,5.0,理性社会可能导向威权独裁尊重人权意志容易陷入沉湎和内耗这本不是吃或不吃美女可以折射答案的永恒博弈我觉得刘在用着部电影做澄清若是社交媒体上现在污名化的他理性上应该果决让太空站逃逸不冒任何风险偏偏感情用事终于顺应了人性的贞洁被误解是表达者之宿命语言的回合往往自带恶意好在流浪地球呈现出了做选择的更完整语境把反正都要死了这句我们轻描淡写的口头禅变得切身也把背负人类存续使命的轻易化为最后一分钟营救的稻草,2019-02-05,北京,力荐
MAOXINXIN,1.0,是因为国产烂片太多了吗特效稍微做得好一点就被说的很好看全程感觉就是演技不够特效来凑没有剧情没有演技全程很尬一分给特效男主演的像智障吴孟达死的时候那段养女剧情感觉很突兀看的想睡觉,2019-02-08,杭州市,很差
寇寇谋,1.0,集合了所有中国式的恶心去你妈的,2019-02-11,杭州市,很差
bibabo,5.0,泪流满面国产类型影片的劈叉,2019-02-05,上海,力荐
桃子,2.0,霍这样的片子都能评出分来镜头交代得特别不清楚该提的节奏也没提起来姜文说的对我们的镜头数跟国外电影差得远其实队人马的平行剪辑或者加上地下城那群可以讲得挺漂亮怎么成现在这样儿了就是抄好莱坞结构也不至于啊天假啊春节第一天啊明显是投机这个档期煽情点呢死两个长辈也指向春节档女性角色就更不用说了嗯没错少女哭哭啼啼救地球看完电影只记得李一一,2019-02-08,北京,较差
基基,4.0,比我想象中好诶但木星也太可怜了吧木星不要过年的吗救救木星,2019-02-06,北京,推荐
突然粉碎,4.0,枯辽国产科幻大片再也不是笑话了借一把火种点燃地球人的希望是我能想到最硬核最深沉的父爱没有人类就没有文明感谢大刘架构的成熟的宇宙观春节十二响走一个,2019-01-28,北京,推荐
Sue,2.0,顶锅盖两星全给特效确实不错值得表扬另外剧情薄弱演技尴尬不合时宜的煽情还有特别烦那种浮夸到不行的集体高潮式的燃这毛病真得改改,2019-02-06,南通市,较差
解意,4.0,朋友们谁能比我更傻逼去年我因为要写那个几把硕论没去给屈楚萧当家教今天看完流浪地球有了剧情滤镜觉得他超帅的我哭晕在厕所人生就是不断的错失良机假装拿起手边的烟抽了一口,2019-02-05,西安市,推荐
金社长,1.0,这是灾难片还是科幻片请问各位分清楚了吗还有咱这技术是在进步但咱这人类思想怎么还是原地踏步啊拯救地球几个中国小孩儿就能行那个一一技术男大学毕业了吗他所有的破解就全靠灵机一动就可以有解决办法这压根没有说服力啊拯救地球那么大的事儿看来美国真的不如咱这次倒没他们啥事儿了太空战狼搞盲目文化自信你们真的够了我就想不明白了咱号称华夏五千年文明古国的同志为什么个个都那么小气容不了别人不同的意见呢这尼玛跟文革噪反派有区别吗差就是差我心中他就只值一颗星,2019-02-11,北京,很差
方枪枪,3.0,,2019-02-08,上海,还行
扰乱,2.0,不会讲故事导致逻辑也乱七八糟也不会拍电影堆积堆积堆积堆积毫无节制全都是空的大型审美疲劳刻奇好在主旋律没那么强但是也够鸡贼很多偷学的地方但是也学得不好好在硬条件上够强,2019-02-05,长沙市,较差
深夜的阿斯伯格,4.0,期待刹车时代十几年暴雨黄昏的美景很期待十分期待但是没有就是灾难片而且还是董存瑞邱少云的那种科幻片应该和文艺片一样与商业片划清界限,2019-02-05,,推荐
陈灼,4.0,个人感觉是三星半到四星优点和意义什么的就不说了电影本身的缺点比较明显前半段节奏很快有点凌乱救援队的一批人没有什么背景交代就窜上来直接刚主线地面上的远景镜头特效一般特别是看到很多运输车跑的那些镜头有点假太空站的桥段整体不错但那个电脑的存在感有点尴尬父子戏值得肯定吴京这一边更好一些地下城很一般除了表现灾难以及是个可以回去的家之外对社会结构的变化可能性没任何触及有些台词读出来不像是电影里的话不像是正常人说的话旁边陪女朋友看的大男孩哭了加半星吧悉尼乔治街的影院基本满座,2019-02-07,,推荐
聆雨子,4.0,我们民族的文化传统里既缺乏科技理性也缺乏幻想感性却要拍摄属于自己的科幻题材最大的胜机和辨识度就在于能否植入某种属于东方的美学和哲学比如永恒的乡愁比如死亡与重生的辩证关系比如对土地和家园的眷恋和依赖当然在大部分叙事细节上它依然表现得非常美式这倒也构成了它抓人的部分无论是普通人拯救世界的设定还是对倒计时营救的操练或者是解决宇宙危机的同时解决父子关系危机的大小情节嵌套把地球的自救时刻定在中国的春节一如二十年前好莱坞把地球的反击时刻定在美国的独立日,2019-02-05,杭州市,推荐
做梦的猫,3.0,借句别人的评论董存瑞炸碉堡之太空版,2019-02-06,上海,还行
周眠,4.0,星支持很多场面已经有一种愿望达成的感觉中国拍出了拿出去也不丢人的科幻电影只是很多时候并不是那种完了完了并且扣人心弦的感觉而是完了完了并且很吵且有一点点无聊有燃料而缺引擎它在熊熊燃烧,2019-02-05,杭州市,推荐
麻绳,3.0,台词尴尬吴京演技尴尬特效看上去宏大却显得空洞廉价没有细节叙事在完成任务而已打动人的只是设定本身具有的悲壮感,2019-02-15,北京,还行
白,4.0,大刘我们来啦,2019-02-06,成都市,推荐
摩诃曼珠沙华,3.0,还是战狼的风格一个人扛起了整部戏就如同我期待能看到一部红海行动实际拍了部战狼小说里磅礴大气的种族自救让给了个人英雄主义三星给特效科幻也是讲故事剧情还是偏弱其实开始孩子就加入救援就好了没必要搞个离家出走,2019-02-05,广州市,还行
懒得懒了,5.0,谢谢豆瓣点映有机会提前看到这部片子看的过程中满心都是卧槽牛逼来回切换的状态真的没想到中国科幻可以拍得这么好能看出来主创们的用心不知道他么知道不知道自己已经载入了中国科幻电影的史册希望中国的科幻片越来越好另外也衷心希望那些吴京长吴京短的人能闭嘴没有他的投资和帮助不知道要再等多久才能见到这部片子作为中国电影观众应该对他说声谢谢鄙视他瞧不起他的你也没多优秀到哪里去只是键盘侠而已,2019-01-28,北京,力荐
氢气小球,4.0,我妹在片尾看到特别鸣谢问我这是真事儿,2019-02-05,,推荐
饥饿艺术家,3.0,刘老师真的挺喜欢在关键时刻让女性做救世主的参考三体里的大叶文洁老师诚然我们战狼吴京老师关键时刻也牺牲了小我可是还带着稚嫩声音的初中女生韩小姐才是在关键时刻向全世界进行广播的那一个有头有脸儿另外刘启和韩朵朵的关系内核其实是爱情哎,2019-02-08,上海,还行
Toddler,1.0,看了综合剧本镜头表演特效也就二星半的水平按照我平时习惯若有一个点特别傻逼减一星粗略发现两个特别傻逼点减二星剩半星我心软善良四舍五入给一星而且这么反刘慈欣的剧情这么兄妹情深爷孙互爱宇宙不冷酷木星一点就着生存不艰难地下住着还舞龙连个文傻捣乱蚁民恐慌胡闹都没有为什么你们刘慈欣粉反而不喷你们这些粉丝真的读过刘慈欣吗,2019-02-07,,很差
梦魇马戏团,5.0,台词节奏处理还有点上个世纪的蠢笨除此之外没有问题依然依靠刘慈欣中国科幻触碰到国际水平更值得注意的是价值观的新探索中国战狼不行那就国际主义战狼太空战狼重启黄金时代科幻的人文主义虽是融合而非创造也不啻为某东方国家的新价值观破局方式致英特纳雄奈尔,2019-02-05,南京市,力荐
clytze,5.0,中国科幻电影有希望了老泪纵横啊就是演的太像演的了两个小孩的戏还有姥爷的配音有点出戏但是冰会化成水未来会好的,2019-02-07,北京,力荐
光明小卖部🎱,4.0,让人类永远保持理智绝对是奢望,2019-02-10,,推荐
Messi,1.0,,2019-02-06,北京,很差
林||我们谈什么都像谈死！,3.0,感觉和大刘的核心思想不太符合啊大刘感觉是个厌恶虚伪人类的作家片中却赋予了人类勇敢奉献大爱的正面形象没有人的文明毫无疑义而且拯救人类完全没美国啥事只有我们和俄罗斯顶多再来点法韩日还是希望能看到星际穿越那种跨越很多年的科幻本片导演可能没什么野心,2019-02-05,成都市,还行
近似无限透明的蓝色,2.0,抛开特效场景流浪地球的剧本还剩下些什么情感逻辑人设处处都一塌糊涂过多冗长的情节只是为了煽情做铺垫中国电影欠缺的真的是好莱坞工业级别特效制作水准和华丽炫目的视觉效果吗张艺谋陈凯歌的前车之鉴里我们从来都不缺面子缺的是里子缺的是把一个故事说得吸引人的能力否则把银河系都流浪完依旧是变形金刚系列节节败退的结果中国的科幻元年想起李毅大帝的语录我护球很像亨利,2019-02-07,广州市,较差
肖恩恩恩恩肖,4.0,目测春节档最后赢家,2019-02-05,上海,推荐
gwei,3.0,吧以资鼓励硬伤亮点都有够嗨前半截太拖沓啰嗦到了苏拉威西之后感觉才上道韩朵朵戏份挺重但表现一般那段广播太没感染力了然后各救援队突兀的掉头特效还可以故事一般镜头太多太短眼睛都累最后分钟才是真科幻大片立体观感太差了直接只弄版最好了,2019-01-28,北京,还行
rockyao1986,5.0,这么多年头次看到电审故字号的片真不白给吴京沙滩上穿的夹克是从马修那借来了,2019-02-06,北京,力荐
小田切梨,2.0,其实科幻片和灾难片的概念都是伪命题都不是什么严格的硬要说的话可以有三个评判层次外部冲突事件的驱动力和节奏感极端情境下社会运行机制的展示以及科幻世界观流浪地球当然都是硬伤但它亟需解决的还不是科幻类型问题而是工业时代的问题基本的叙事能力,2019-02-11,成都市,较差
舟行芳菲,5.0,这么说吧作为刷过近部高分科幻电影的科幻狂热粉我觉得自己客观评价一部科幻电影的能力还是有的因为只是点映所以分享一篇前辈的影评自己就简单点说一句流浪地球非常好看不买票绝对后悔好莱坞工业的合格产品中国特色科幻电影的排头兵超出几乎现场所有影评人和观众甚至刘慈欣本人的预期看哭不是说说而已春节档预售第一名我当然押宝疯狂的外星人但是流浪地球注定会在我的观影记录里留下浓墨重彩的一笔,2019-02-05,北京,力荐
mulder,3.0,恐怕从到都谈不上勉强从到吧技术上的问题相比于情绪的操控简单多了其实包括配乐模仿星际穿越这种我都无所谓这些本来就都无所谓只想说拍的真的太没精神了看看两部大概能体会到这种尺度的故事情绪调动好了是什么感觉只写以上内容有点不准确加一句剧组的诚意能打一百分这我是看得到的就这样努力下去吧我会一直买单的,2019-02-05,,还行
影沫,5.0,我的天呐我的天呐我的天呐刚在电影院看完真真是惊呆了这画面和特效技术简直牛逼光这一点就足以称为中国科幻片划时代之作了,2019-02-06,,力荐
阿稚,4.0,一个足够真诚的开端比肩好莱坞也能三星起评完结于火种计划我可能还会加星希望不要就此成为五年内的国产同类型巅峰,2019-02-05,,推荐
fushia,,看之前我觉得刘慈欣的小说写得不好看完了我觉得相比电影他小说写得很好了电影完全没能超越小说啊宇宙观和日月星辰的描写部分原著里其实本身就很气势恢宏了特效虽然不错但没有文字有想象力人物的部分这些并不知道自己在干嘛以及想干嘛的人还不如原著里那些的人呢相比过度的强行煽情我情愿选择原著里的冷淡,2019-02-08,北京,--
viennavirus,4.0,视听是毫无疑问地足以竖起标杆了台词实在不好年轻演员表演极单薄故事以及推进方式也简陋倒是忠实还原了刘慈欣对于备战备荒战天斗地式集体主义宏伟景观的偏好很中国的科幻叙事甚至连那个也不外如是总之拍完这么一部电影确凿是一件不容易的事情也的确是个好的开始,2019-02-11,北京,推荐
舒农,3.0,以为是地球被放逐天际穿越小行星带躲避外星人的宇宙漂流结果是后天微乎其微的星际穿越元素杂到杂烩台词傻到傻眼基本上是你要什么我给你什么到你觉得这片子好看为止能及格的原因也无非是在科幻沼泽里开荒角色们换上白皮电影也就是独立日的水平,2019-01-30,北京,还行
Enjolras,5.0,不是硬科幻但是成熟的商业片不谈科幻哲思不能与太空漫游和星际穿越相比该谈工业水准和娱乐性至少是超过独立日的水准吴京的个人言论不代表片子狼化中国人拍电影中国人当主角无可厚非片中也没有高喊口号歌功颂德,2019-02-07,广州市,力荐
狸买猫,1.0,一分给特效这部电影就像中国的大城市华丽恢弘没有灵魂的高级废墟,2019-02-08,,很差
Sprite,1.0,犯我地球者虽远必诛,2019-02-06,,很差
陆小包,5.0,故事的三大矛盾人与人斗人与环境斗人与自己斗其中人与环境斗是最难写的因为它天然地需要人物牺牲人性不然没法和本就没有人性的环境斗争而没有人性在任何故事中都是最容易被攻击之处我挺喜欢这个电影的没有感动哭但它确实让我感受到了血肉之躯的局限和渺小全人类殊死一搏换来的是一丝侥幸的可能这太可笑又太强大了另外把宇宙星球当玩具本来就挺浪漫的呀因为人类跳不高所以发明了火箭耗费大量人力物力造出来的火箭放在宇宙中还是不堪一击但这个想法为了这个想法而去做这些可笑又没啥大用的事情的人们就挺可爱的,2019-02-11,上海,力荐
更深的白色,4.0,有几场戏不知道是镜头不够还是剪辑太仓促最基本的叙事交待没做清楚科幻质感上地下城也太糊弄事了一点但其他无论是设定还是视觉都超出预期剧本写的也不错情感核心很好无论是故事还是整体作为科幻类型片的质量都让人感动,2019-02-05,,推荐
真难啊qmz,5.0,既然没看都能给差评那我没看给好评也不过分,2019-02-11,,力荐
spencer,5.0,去看之前特别忐忑生怕不能打星看完松了一口气可以理直气壮给星真好,2019-02-06,北京,力荐
U 兔,3.0,感觉这不是一部科幻片完全是灾难片的拍法啊没有什么理智各种煽情全是大场面不断制造险情让主角去冒险营造的社会科技水平不匹配没有什么科幻精神在如果这样想来那么场面和特效是在及格线以上的完全不思考地跟着看感觉很好故事和台词真是一如既往地幼稚和尴尬对剧情毫无推动性也没能塑造人物个性也是不出意外的所以毫不失望前半段剪辑非常差节奏仓促生拉硬赶镜头琐碎很多东西看不清楚可惜了这么多的设计羡慕郭帆这么年轻就能运作这样大手笔的电影不过有时也在想这样几乎全靠后期的影片导演在里面的作用和创作比重有多少呢依然对后面几部有期待的总要有个起点希望能越来越好,2019-02-19,济南市,还行
Panda的阴影,4.0,第一次大年初一在影院看电影作为难得的国产科幻大片特效虽存在美中不足之处但却超乎预期的满意原来是维塔工作室参与制作的反倒故事让我有些失望在脱离太阳没有光照冰天雪地的流浪地球里哪来那么多的食物和氧气养活亿人口诸如此类剧情漏洞还有刻意笑点尴尬台词等多得破坏影片的代入感另外观影过程中时常联想起星际穿越火星救援地心引力后天机器人总动员等好莱坞电影而刘培强为对抗人工智能出空间站后那一段戏的配乐穿越至虽然自己是四星推荐但豆瓣条目首页一二三星的短评却蛮多让我有同感的中国好些真人电影都存在嘴型对不上台词的现象感觉动画电影台词对上嘴型更加艰难了片尾曲带着地球去流浪后没想到还有一首夜空中最亮的星,2019-02-05,泉州市,推荐
加肥猫,4.0,整体挺好就是小男孩让我有点出戏咦这不曹云金嘛他怎么会牺牲自己拯救地球他没这境界啊,2019-02-07,青岛市,推荐
小狮,4.0,理智来说分合适感性综合来说分没毛病,2019-02-08,北京,推荐
老美,3.0,借用一句别人的评论本来想看星际穿越的效果最后发现故事讲的还不如战狼在三星里面电影鼓励一下有星道具星吧演员的表演还不如企业年会的表演整个故事也比较单薄但是丰富度比原著要好三星以资鼓励,2019-02-15,北京,还行
lo-end鸟师傅,3.0,所以你们管这个叫硬科幻当成倒是挺带感,2019-02-06,深圳市,还行
脑后有杀气,5.0,把地球带走不觉得很浪漫吗,2019-02-05,杭州市,力荐
代号273,5.0,看完以后中国科幻电影元年不元年中国科幻有没有希望这种谁还在乎仅说电影已经完全值得吹爆看完激动心情完全难以平复这就是想要的科幻电影,2019-02-05,北京,力荐
阿依达,4.0,美国式灾难冒险片倒是不闷但对人性真善美追求希望的尬吹和尬煽情感觉与刘慈欣小说里想表达的主题截然相反剧情方面觉得自己看了一部后天太空漫游星际大爆破特效很赞感觉中国娱乐产业真的冉冉发展了什么时候我才能够参与其中啊我觉得科幻作品最有意义之处在于将人类置身于极端异世界与类人和人非人环境从而更对比出什么是人本质上都是人对自己的位置什么是人的思考这点小说做得不错甚至有些文艺的孤独美感了从孤独中更能感觉到人啊是需要人的人但电影有点太直接了这就有点主旋律老套的意思,2019-02-09,,推荐
ChrisKirk,3.0,联合委员会始终以电子数据形式出现杜绝肉体之后加强神化视角同时也陷入技术诘问地球计划是否只是人工智能对人类的一次复仇为何最开始没能演算被木星引力吸引的概率新家园的未来蓝图是否以人类奴化为基础的纯理性社会但是在具体呈现手段上又是蒸汽时代的硬工业视觉内部设定的分层与矛盾难以调和因而电影中呈现出的社会形态便是畸形的一直在暗示的地球公民身份总是局限于国家范围内对家的情感同样是从国家而非地球衍生导致看似电影是在仿造资本主义神话塑造个体英雄但实际还是在讴歌社会主义强调集体力量的优越,2019-02-07,北京,还行
晴耕雨读,5.0,水准之上不能要求更多了与我的核心价值观一致人最宝贵的是自由意志太阳宫达美和蓉,2019-02-12,南京市,力荐
夕阳,3.0,京的演技中二兄妹无止境的煽情中宣部旁白东抄西抄了一堆梗整体略糙一到紧张场景剪辑乱七八糟配音口型对不上太减分另外用国产科幻不容易来鼓励找借口听起来就那么变扭确定不是在黑,2019-02-07,,还行
知心哥哥noly,4.0,质量超出我预期这个算是提前把全频带阻塞的梗给用了记得小说没有空间站挽救全局的情节啊,2019-02-05,北京,推荐
古尔浪洼,5.0,五星推荐流浪地球不仅是中国科幻电影的突破和高起点更加重要的是它建立了东方的逻辑想像借助影视产业这种最具传播力的工具这个古老的民族奖焕发出新的想像力我们也不再仅仅只是回首过去还能遥视未来我们不再仅仅沉迷于西游记式的凭空想像还能在科学的构架内纵横千年,2019-02-09,广州市,力荐
ZeonGin Sou,5.0,中国第一部真正意义上的特效大片全程特效不注水太空漫游地心引力火星救援星际穿越刘慈欣想象力爆棚导演执行力靠谱再现赛博朋克地下城永夜冰封帝都魔都引力地震灾难推进器式流浪地球救世过程荡气回肠热血贲张灾难场面目不暇接多视角推进节奏紧凑没有历史的外国人主张开拓新世界坐拥上下五千年的中国人离不开家国乡愁这是属于中国人的科幻电影,2019-02-05,广州市,力荐
燕子坞主人,3.0,国产科幻的里程碑但始终摇晃的镜头不仅把故事快摇得散架也导致没有一个人物形象得以聚焦看完就像大过年被灌了一碗贩卖焦虑的毒鸡汤目前的评分就像电影里空间站系统莫斯的遗言要让人类永远保持理智的确是一种奢求,2019-02-05,福州市,还行
大唐来的高僧,5.0,儿子爸爸死了以后能不能别再这么二逼了,2019-02-08,保定市,力荐
夏歌,5.0,唯有牺牲多壮志敢叫日月换新天,2019-02-05,北京,力荐
拉妹,2.0,还是再看一遍特斯拉上天感受一下太空浪漫吧,2019-02-05,北京,较差
DearLeslie,1.0,我真的不敢在朋友圈和微博说难看,2019-02-12,南京市,很差
Lily Legacy,3.0,大家不觉得煽情过度吗坐在电影院无比尴尬还有全程在想星际穿越的好地心引力的好,2019-02-09,,还行
陆钓雪杜诗镜铨,4.0,上联射你木心哦不木星下联你妈哦不你爸炸了横批我在嘉兴避难所看的最后一部电影要是有味增汤就好了鸭,2019-02-12,北京,推荐
猫不然Maoburan,2.0,对不住了看完实在是骂街骂了十分钟不止没有一点情绪能入戏唯独片中一句话让人类永远保持理智还真是奢望还能赞同让导演和编剧保持智商更是奢望看完我觉得来电狂想都还算说得过去了这种特效你们就能满足年的兵人早用过同样的场景同样的车和枪了以及从此我对吴京的讨厌正式超过王宝强了,2019-02-14,北京,较差
麻友安,2.0,这个片就压根不是用电影思维拍出来的更多的我也不想说了,2019-02-09,上海,较差
罗汗,4.0,完成度高土法炼钢虽然生硬但危机套危机各种危机轮番轰剧本意识清晰演技尴尬但主梗真的很浪漫豆瓣小知识分子偏狭起来其实和战狼一个路数,2019-02-05,杭州市,推荐
刘二千,,可以理解赞美和欢呼毕竟过于贫困的族裔无愿也无法拥有太高的期待并非没有战狼式表征但整体还算克制或者说隐蔽对我来说是无聊居多如果说那篇对谈触及的是主权者在恢弘道德目标所谓文明存续与个体权利尊严间的选择的话影片已悄然回避了刘慈欣所坚持的困境设定改写为我们熟悉无比的革命历史叙事中的英雄的自我牺牲同时一波又一波的一分钟营救戏码实在谈不上高明对标好莱坞大片自然可以可我本来就不喜欢好莱坞大片啊,2019-02-06,,--
丹朱AI🌵,5.0,大刘曾说他给了三体充满希望的结局人类文明的种子播撒到了多个星系他认为人类配得上这样的命运看这个电影的时候我也觉得人类配得上没想到在我们变老之前就能看到中国科幻电影有了这样的进步可喜可贺推荐大家看流浪地球的小说才两万字讲了流浪地球计划的来龙去脉而且不谈感情更科幻美学,2019-02-08,北京,力荐
蜗牛,4.0,看完流浪地球我觉得电影唯一的问题在于行星发动机和转向发动机动力太弱了所以即便是科幻电影中国的发动机依然是短板怎么能用这么低劣的动力源呢应该用中国目前最为致命最为先进的两种发动机杠精发动机只需要轻轻一杠就能为地球的发展进步提供强大的动力喷子发动机抓几个喷子进机器不停放一些话题进去就能提供源源不断的动力其性能比核动力更加好而且持续时间长这两种能源比清洁能源更加环保目前技术已经较为成熟我国赶超美国就靠他们了,2019-02-06,吉林市,推荐
已注水斐济猫,3.0,给北京第三交通委一星简直神来之笔,2019-02-11,天津市,还行
boks,5.0,趁着酒劲泪眼朦胧的看完元年是元年只有一个小细节问题能点燃木星吗就散逸大气那么点氧气而且辣么近的俘获距离里燃烧是喷射推力多还是爆燃烧了地球这个应该大学物理可以算出来,2019-02-05,上海,力荐
人间消失柴斯卡,,拍得挺好的其实对理解那一代人心情匮乏与饥荒一定要活下去很有好处视效大片削弱了刘慈欣原著中对极端情境的刻奇感就是莫名其妙的撕得有点太难看了懵逼,2019-02-15,,--
操安吧,3.0,为什么宁死也不放弃地球因为那里有我的宅基地京说,2019-02-08,北京,还行
刘十九,3.0,依然带着国产电影对科幻不熟悉的尴尬感但也不失为一次不错的尝试对于这个春节档的意义大于它的内容希望成为黑马,2019-02-05,北京,还行
亲爱的桂花树🌈,5.0,国产科幻到这一步诚意很足了挺感动的加一分吴京演技一直一般减一星建议他用配音小演员和李光洁大头很好吴孟达自不必说不是物理学家天体物理学家什么的专业上不知道槽点小梗挺多的稚嫩但是不错加一星推荐,2019-02-06,,力荐
羚羊的灵魂,4.0,从电影院出来看见电影里被冻成冰棍的国贸建筑物们竟然有一种恍如隔世的感觉,2019-01-20,北京,推荐
Kelsey Bruns,5.0,这电影可以说及格但你们这些恶意打一星还求不要私信谩骂的脑子有坑更新傻逼黑子改成五星,2019-02-06,,力荐
孔混乱,5.0,从剧本拍摄到后期断断续续目睹过导演的日常工作量只能用恐怖形容没怎么见导演吃过饭好像每天靠烟和一罐罐的红牛他就能活着常在想导演到底是靠什么支撑着自己昨天看完首映我觉得答案都在电影里,2019-01-30,北京,力荐
貓小三的意思其實是如果先生,4.0,小米加步枪撸起袖子加油干因为几个男演员的顺眼加一星对女性角色的安排非常无语木星作为最大反派没有给景色特写是败笔,2019-02-06,北京,推荐
Athumani,4.0,我赶在首映去看的和别人在点映时看到的应该是同一部流浪地球吧说正经的确实是启航之作合格了不容易真的不容易可遗憾也扎眼好莱坞的手法都有但好莱坞的大片不会有这么多刻意大刘的精神内核也有但大刘的叙事不会有这么冲动此外领航空间站的最后时刻或许更适合对应上大刘全频带阻塞干扰里万年风雪号上的米沙庄宇的复杂情绪但在屏幕上展现出来却更接近老王拉格朗日墓场奔向太阳里小飞蛾号上的鲁刚的单纯情怀最后记得从成名作流浪地球刊发到代表作三体连载大刘用了六年那么从启航之作流浪地球开始我们又需要多少年呢还是真心期待吧,2019-02-05,,推荐
高中女生,3.0,这个男主不管是人设还是演员都挺招人烦的有他在我都不烦吴京了,2019-02-05,,还行
弗洛拉 花,5.0,视效音乐和演员演技都很赞啊寸头真是检验一切帅哥的唯一标准,2019-02-06,北京,力荐
小暴,2.0,国产电影工业水平真心可以但剧本和演员真的是降智打击,2019-02-06,杭州市,较差
陈先生,3.0,不管你们怎么吹我就是觉得很一般前半集一片白雪后半集一片火光团结一心修发动机吴京连人带卫星主动牺牲渲染亲情传递正能量到头来只记住一句话道路千万条安全第一条行车不规范亲人两行泪,2019-02-11,上海,还行
思考的猫,4.0,相当好了在电影工业体系成熟的今天用专业公司把特效做好没那么难关键是故事和情绪到位了人文感觉出来了这值得称赞,2019-02-06,北京,推荐
沉默的玩,3.0,国产科幻及格赢在故事科技细节粗糙台词生硬出戏和煽情过度扣分,2019-02-06,广州市,还行
57,3.0,在大银幕上看到拯救世界的英雄从美国人变成了中国人是一种混杂着期待怀疑惊讶和感动的体验它甚至将是一种新的历史体验因此我们必然会遭遇流浪地球刘慈欣吴京这些指标性的全民讨论它使得有关剧情起伏影片执行这些层面的讨论退到后面但问题是如果这种置换是真实的经得起考验和推敲的历史事实那么我们迟早要回答一部好的电影是怎么组成的这样基本的技术的问题这部电影同样在这个意义上有一份答卷进而我们还要追问在这种置换的后面到底有什么新东西,2019-02-14,北京,还行
fwb,4.0,流浪地球很好莱坞套路的科幻片节奏剧本场景气氛都套路般地控制的挺好的挺好看的中国式人情的描述也蛮感动人的我打高分肯定是因为作为中国人第一次在视觉层面看到人类命运的故事也与咱们中国人息息相关了但这个格局眼光其实是大刘奠定的大刘的故事一再告诉我个人的力量是最重要的这是那一代人里某一类人特别坚信的个人的精英主义英雄主义无论在何种恶劣的环境里都不用怕但一定是在某个特定时间段里打开了天眼然后盯着干下去里面的很多人情描述小姑娘向全球描述啥叫希望的抒情段落自以为逗乐的地方我觉得超级尬另外大家硬核硬核地叫不就是高中物理吗黑客帝国硬盗梦空间硬三体硬,2019-02-06,上海,推荐
